0,A_min,A_avg,A_max,te_min,te_avg,te_max,t_min,t_avg,t_max
444076946742194176.jpg,0.328033472803,0.350162715016,0.367085076709,0.0,0.825102925301,1.59305155277,0.146940487247,0.824981995327,1.29527828816
444842286732414976.jpg,0.0,0.0117211328976,0.019535221496,0.726930260658,1.13961195946,1.41208469868,1.09158837061,1.13974191263,1.40684358268
444467376034037760.jpg,0.997942386831,0.997942386831,0.997942386831,0.0,0.844784915447,1.83299064636,-1.47716719167e-10,0.845161418466,1.40496957988
444036269643804672.jpg,0.990196078431,0.990196078431,0.990196078431,0.0,0.466162860394,1.19129431248,-0.0453363572109,0.466914503748,1.0834604505
444772522370662400.jpg,0.0,0.0,0.0,0.0,0.892952919006,2.02762174606,0.411999218018,0.894949672669,1.34811752272
444713953113808897.jpg,0.0226244343891,0.218702865762,0.452488687783,0.0,0.5054474473,1.305986166,-0.106528709612,0.505611503048,1.36619183324
450685305482276865.jpg,0.0273493100944,0.0911643669814,0.128932461874,0.0182740390301,0.978464126587,1.21190261841,0.401868566044,0.978371632852,1.06497025117
440450742394953728.jpg,0.179724037763,0.248748487049,0.304749455338,0.0,0.754066646099,1.14976465702,0.0249603044106,0.753838278246,1.02451350815
444320384809046016.jpg,0.0,0.0,0.0,0.0,0.863199830055,1.77264618874,0.18884402076,0.863913778562,1.30639466646
444657811885002753.jpg,0.51568627451,0.711021984551,0.867290552585,0.203225135803,0.958705842495,1.72235417366,0.579431345287,0.958203918766,1.20906765695
439982032857206784.jpg,0.746666666667,0.762222222222,0.77,0.0,0.60279917717,1.40875399113,-0.036892795535,0.602916152399,1.13140647029
445334072848429056.jpg,0.0,0.0143258290971,0.0273493100944,0.0,0.95307469368,1.57433223724,0.191029278123,0.953198643989,1.17038831201
445978589947645952.jpg,0.0,0.00651174049867,0.0117211328976,0.13193577528,1.02021002769,1.44254982471,0.391196887925,1.02035193811,1.2490463414
444334401409646592.jpg,0.997222222222,0.997222222222,0.997222222222,0.0,0.520297825336,1.84548997879,-1.03038782176e-09,0.520143308198,1.22600629685
1157104831562796380_2293293090.jpg,0.680684596577,0.708068459658,0.723716381418,0.0,0.797458708286,1.36444604397,-0.0193216284755,0.796772420352,1.15754526885
442627447209484288.jpg,0.0466310160428,0.0919667260844,0.124349376114,0.338709533215,0.929385125637,1.99219584465,0.596319855958,0.929826401263,1.38179296112
1102061812500690220_626382076.jpg,0.997555012225,0.997555012225,0.997555012225,0.0,0.474303513765,1.47112452984,-0.0296897050932,0.473907569229,1.44015008976
444382728234860544.jpg,0.975365418895,0.9805466429,0.987023172906,0.0,0.75548940897,1.582223773,0.00893227368374,0.756656197871,1.3900908667
440769747978694657.jpg,0.220193151888,0.234357623646,0.258823529412,0.0,0.777696549892,1.36318039894,0.0584712673745,0.777487237733,1.32548551695
1118705669289917471_1922633950.jpg,0.956606990622,0.96832054561,0.987843137255,0.0,0.40056297183,2.0132291317,-1.45094605358e-09,0.400753901538,1.46297719075
444367707270434817.jpg,0.703267973856,0.751454853546,0.812665214234,0.0,0.749273061752,1.51809310913,0.0432218645295,0.748233241622,1.31644045083
444140054810615808.jpg,0.0548001018589,0.0887239744383,0.140914547637,0.624584496021,1.09718477726,2.01900625229,0.943269063426,1.09713751228,1.72107035748
1104140052871455037_2150203015.jpg,0.834871203383,0.852992438806,0.881468665898,0.0,0.550724744797,1.10652840137,0.0882932612756,0.549945791112,1.03904640137
444472134761324544.jpg,0.997942386831,0.997942386831,0.997942386831,0.0,0.831640958786,1.89935231209,-2.2765822197e-10,0.832006616114,1.34459316571
1078957268724887132_1387567826.jpg,0.332518337408,0.367726161369,0.38728606357,0.0583391785622,0.59378182888,1.20698285103,0.029532850107,0.593734103546,1.45039066939
444296892168429570.jpg,0.234123500146,0.41882092804,0.550190225344,0.0209341049194,0.877535760403,1.73349738121,0.594662533301,0.877359079827,1.48021641554
445861368025972736.jpg,0.984117647059,0.991928104575,0.995833333333,0.0,0.302090078592,1.52192008495,0.00124906249032,0.299595614265,1.31822540685
444277568091340800.jpg,0.543079157589,0.674616315662,0.757966594045,0.180699467659,0.690759778023,1.53801548481,0.18277903683,0.6911477849,1.18336127914
444281264036536320.jpg,0.0967982129561,0.144551998014,0.189724497394,0.654395222664,1.0576261282,1.84658098221,0.943859190538,1.05782160513,1.31211716538
445350290707841024.jpg,0.976307189542,0.985419389978,0.991928104575,0.0,0.316457033157,1.54153883457,0.00132697477972,0.313888332408,1.41105226221
442858917962346497.jpg,0.0382352941176,0.0586274509804,0.0841176470588,0.0,0.934951543808,1.50536262989,0.473016584866,0.935620314776,1.11601406423
444127059917275136.jpg,0.962026143791,0.971151053014,0.985490196078,0.0,0.465857088566,1.76796483994,-7.19446083619e-15,0.466252926488,1.42546671726
444327396502536194.jpg,0.994003267974,0.994003267974,0.994003267974,0.0,0.554906845093,1.73566102982,-0.0503538860823,0.554679017482,1.85817474937
444524429767225344.jpg,0.997222222222,0.997222222222,0.997222222222,0.0,0.469827502966,1.81546640396,-5.90984188563e-15,0.470382151477,1.61025707982
1090449836081700128_1510130534.jpg,0.40293398533,0.41858190709,0.426405867971,0.304094254971,0.814012289047,1.39969134331,0.29322245668,0.813683197469,1.17639608403
444369216041267200.jpg,0.956519607843,0.956519607843,0.956519607843,0.0,0.309328824282,1.43869972229,-0.0387967199629,0.309328987568,1.31653296518
444050803943157760.jpg,0.507915758896,0.58475429678,0.632941176471,0.0,0.713920176029,1.50233340263,0.000127401771926,0.713448682873,1.30651800867
1103595587927890781_1574152133.jpg,0.129095354523,0.140831295844,0.148655256724,0.0,0.812399208546,1.22631692886,0.159355795874,0.812573022707,0.988640941882
440662034372251648.jpg,0.930740740741,0.95941902687,0.985490196078,0.0,0.623592197895,1.63188672066,-0.0181176059011,0.624379992488,1.63519432618
445740813016764416.jpg,0.984117647059,0.991928104575,0.995833333333,0.0,0.300671935081,1.54882085323,0.00124906249032,0.298171376721,1.31626615291
444021854190051328.jpg,0.123921568627,0.157483660131,0.182009803922,0.123954862356,1.01455807686,1.48935198784,0.543948846332,1.01462522381,1.22716359377
444144507693432833.jpg,0.997752808989,0.997752808989,0.997752808989,0.0,0.756506025791,1.93348741531,0.0105490782918,0.757463767911,1.61292992529
439677704179179520.jpg,0.472149058628,0.518973758658,0.546288167008,0.0,0.390888631344,1.4663465023,-0.0391914694604,0.390261090042,1.3144386203
439592802129698816.jpg,0.480334728033,0.488145048815,0.499860529986,0.0,0.648303389549,1.57100319862,0.0125367762623,0.647588873309,1.23971019394
1107687611828017662_2253926797.jpg,0.997555012225,0.997555012225,0.997555012225,0.0,0.289844065905,1.6239926815,-2.50563899713e-10,0.289907564632,1.32155186912
444466710209261569.jpg,0.997942386831,0.997942386831,0.997942386831,0.0,0.844784915447,1.83299064636,-1.47716719167e-10,0.845161418466,1.40496957988
444319156297424897.jpg,0.144592471135,0.229263738016,0.320448179272,0.0,0.799290180206,1.63964724541,-0.0257323594823,0.799493638723,1.22928651693
1109357183383139314_38131307.jpg,0.172127139364,0.186471067645,0.203422982885,0.0,0.650052428246,1.0012267828,0.0825351031773,0.649955392859,0.958446634164
444268220048891904.jpg,0.928734402852,0.950754604872,0.979251336898,0.0,0.53628051281,1.42554998398,0.00255684279959,0.537116871018,1.44554569026
1071062078539401026_2176213808.jpg,0.582885085575,0.589405052975,0.594621026895,0.0420598983765,0.749443948269,1.24312031269,0.154138388515,0.749180761506,0.98860602649
444051098878234624.jpg,0.962026143791,0.971151053014,0.985490196078,0.0,0.266102582216,1.41087281704,-1.7250284215e-11,0.266398913091,1.39404884206
444088158754320384.jpg,0.497039600154,0.530693323081,0.574702037678,0.0,1.25385177135,1.97367238998,0.418254338332,1.25402579552,1.7475987424
444035610957729792.jpg,0.411610918877,0.565641419967,0.66401384083,0.603397965431,0.857766747475,1.22539293766,0.634086245109,0.857331523979,1.20155689662
444037078095896576.jpg,0.191800356506,0.263562394655,0.352286369093,0.572754979134,1.04933977127,1.95077013969,0.774916862883,1.04923790292,1.59057342616
444545290205294592.jpg,0.962026143791,0.971151053014,0.985490196078,0.0,0.476895302534,1.40984880924,-0.0243908748609,0.476446733534,1.15264995731
444431420396552192.jpg,0.234640522876,0.307639796659,0.367603485839,0.0,0.94303560257,1.76717400551,0.115733277022,0.943886046823,1.31259666544
441750716453888000.jpg,0.108359133127,0.214138286894,0.278637770898,0.0,0.826476633549,1.75839996338,0.2218286809,0.827345446497,1.37215800481
442680338888675328.jpg,0.22522106882,0.234281686531,0.248519800077,0.00157827138901,0.920429766178,2.13357138634,0.383083180237,0.920567917356,1.63514404802
444068640556478464.jpg,0.68013029316,0.691856677524,0.711400651466,0.0660583972931,0.680677771568,1.26090621948,0.144001434212,0.68021234506,1.29527973408
444313120400343040.jpg,0.0,0.0,0.0,0.00757378339767,1.0842654705,2.05707073212,0.355453015864,1.084187481,1.57351322217
444458695217274880.jpg,0.062614379085,0.130446623094,0.226977124183,0.0,0.890015244484,1.39439380169,-0.144693214758,0.890256318647,1.49882471977
1077414630688963964_1975070398.jpg,0.79652173913,0.805632281898,0.812139812447,0.0,0.607699513435,1.3213249445,-0.0450630187061,0.607056729215,1.17378377813
442926060212985856.jpg,0.987934918648,0.993141426783,0.995744680851,0.0,0.363060802221,2.25548195839,-0.00715095681553,0.364038082718,1.6274683013
1104108436302181423_2143234972.jpg,0.990196078431,0.990196078431,0.990196078431,0.0,0.350480496883,1.22380006313,0.00720895262332,0.351222922252,1.34892795095
1073787323032263925_42507550.jpg,0.344254278729,0.352078239609,0.363814180929,0.0,0.564844727516,1.01969587803,-0.0129784758237,0.564479089744,0.999712144886
444118405663031297.jpg,0.218124006359,0.333677795443,0.451828298887,0.0,0.573323845863,1.63645339012,0.133489298087,0.573843180084,1.2773434605
444462490491969536.jpg,0.0195024246258,0.205425539391,0.425152856842,0.0,0.461656272411,1.61181223392,-0.140324045759,0.461830853545,1.34405299665
443915459281170432.jpg,0.445403050109,0.579544904382,0.73452432825,0.678232192993,0.9396879673,1.43618607521,0.759428631153,0.939229972406,1.3229374813
444811794196865024.jpg,0.0,0.0,0.0,0.0,0.786287069321,1.43087995052,0.255741290679,0.786051594499,1.23683310761
440846291396878336.jpg,0.936659663866,0.941841736695,0.944432773109,0.0,0.66986066103,1.36321997643,-0.00599825498376,0.668725389897,1.16084089806
444357779055448064.jpg,0.997222222222,0.997222222222,0.997222222222,0.0,0.520297825336,1.84548997879,-1.03038782176e-09,0.520143308198,1.22600629685
443883820463304704.jpg,0.729953917051,0.805421523448,0.905611276769,0.0,1.01892364025,1.78084421158,0.0427893100671,1.01832327893,1.95136581328
444664966449078272.jpg,0.320675381264,0.391067538126,0.488834422658,0.0,0.920286476612,1.5193144083,0.174971360639,0.919878741386,1.28748557212
444322886765916160.jpg,0.948200175593,0.96640978116,0.991122817286,0.0,0.558441996574,1.5415943861,-0.0170074785934,0.558011206109,1.48092191196
449458918201118720.jpg,0.660290486565,0.68633744856,0.726710239651,0.0345324575901,0.668479502201,1.31551396847,0.0931170155005,0.66775579281,1.13751321826
442893117692182528.jpg,0.0,0.0,0.0,0.0,1.00652194023,1.98229026794,0.2733869404,1.00663841443,1.63792086486
445216455743647744.jpg,0.309158496732,0.349596949891,0.403080065359,0.0,0.512018322945,1.63737249374,-0.0333796508313,0.512062052911,1.41742425006
443286243468529664.jpg,0.199348534202,0.25016286645,0.293159609121,0.0,0.734607934952,1.28176605701,0.121751215,0.735183576148,1.24461701159
443941475202523136.jpg,0.0,0.0,0.0,0.629972815514,1.07701361179,2.21917533875,0.88188487411,1.07679028076,1.78954928945
1094484484918122476_2172253620.jpg,0.731540342298,0.736756316218,0.743276283619,0.0,0.483040392399,1.32589650154,-0.0402086839489,0.482901067299,1.26143072852
444511672602861568.jpg,0.72614379085,0.803806228374,0.877585544022,0.0,0.582586467266,1.58427381516,0.0941437029114,0.583444468052,1.27183392502
443592598477737984.jpg,0.872499436556,0.898583126737,0.946837953572,0.0,0.54796564579,1.42391097546,-0.028500554947,0.547621279385,1.12821627432
444847890964291584.jpg,0.997942386831,0.997942386831,0.997942386831,0.0,0.831640958786,1.89935231209,-2.2765822197e-10,0.832006616114,1.34459316571
442682497764057088.jpg,0.0737793156478,0.116493656286,0.155324875048,0.363691568375,0.921333491802,1.9217107296,0.547768621974,0.921733701578,1.33762585935
442700026536423424.jpg,0.226638655462,0.253991596639,0.27743697479,0.0,0.339738816023,1.62274587154,-0.025833046788,0.339584904152,1.5235813089
442881241226829825.jpg,0.940588235294,0.949509803922,0.963529411765,0.0,0.742068052292,1.77310967445,0.0968306257489,0.742041163279,1.2239497677
1102052308702005928_1819566345.jpg,0.821515892421,0.829339853301,0.841075794621,0.0,0.53054189682,1.65836906433,-0.0755398254394,0.530711579845,1.24379692576
447881715143282688.jpg,0.398518518519,0.582149600581,0.757966594045,0.0,0.753556072712,1.31037843227,-0.0216740598438,0.753132118037,1.07689600949
444012967252602880.jpg,0.121166082327,0.123771804528,0.128983248929,0.0,0.842315256596,1.33084774017,0.12481761104,0.842611476946,1.10201022116
444052188482904064.jpg,0.0,0.0116493656286,0.019415609381,0.0,1.34127473831,1.99768471718,0.462658233478,1.34117444463,1.77025711746
444035107699965952.jpg,0.0900287387682,0.135695490317,0.191800356506,0.602507650852,1.08731591702,2.01137065887,0.927132795815,1.08724704929,1.67857649616
444019592420024321.jpg,0.0,0.0,0.0,0.629972815514,1.07701361179,2.21917533875,0.88188487411,1.07679028076,1.78954928945
444085174112759808.jpg,0.962026143791,0.971151053014,0.985490196078,0.0,0.465857088566,1.76796483994,-7.19446083619e-15,0.466252926488,1.42546671726
445728411659415552.jpg,0.234640522876,0.271140159768,0.301122004357,0.0,0.592671573162,1.15643811226,0.0264170440416,0.592401918858,1.06936986039
444368087811227649.jpg,0.828293391431,0.843921568627,0.875177923021,0.0,0.567192018032,1.19112229347,-0.00463985378614,0.566599163734,1.15351104118
443975584872271872.jpg,0.14846768337,0.222701525054,0.316470588235,0.0182808637619,0.727702200413,1.27513861656,0.274099446447,0.727365814016,1.26336397248
1102242141627739589_1665433066.jpg,0.125183374083,0.130399348003,0.136919315403,0.0,0.670036375523,1.25859022141,-0.026430320793,0.669945923686,1.14130909452
444004805497745408.jpg,0.586351403306,0.733910034602,0.823221837755,0.0,0.814499497414,1.72881364822,0.135360935924,0.815117349794,1.20573527868
444282644528758785.jpg,0.500101670298,0.565219075284,0.601684822077,0.0,0.764431715012,1.24338340759,0.179357385456,0.763862792395,1.17219345909
444121775840821248.jpg,0.535265068991,0.545683853788,0.558707334786,0.242082715034,0.939296960831,1.36673533916,0.299482630881,0.938908177414,1.25410576303
444658686821011457.jpg,0.98,0.98,0.98,0.0,0.191906049848,1.57975852489,-0.0124178267508,0.192346169851,1.80394936135
1105852738834954935_512747461.jpg,0.997555012225,0.997555012225,0.997555012225,0.0,0.577693581581,1.27314329147,0.000889733858943,0.57791536596,1.08458270165
444047230287101953.jpg,0.480553116769,0.673295288265,0.820456540825,0.0,0.98536491394,1.47436499596,0.28332765243,0.984804267454,1.29226926178
444277838758158336.jpg,0.0,0.00260849084378,0.00782547253135,0.615344941616,1.07925391197,2.17366743088,0.936374692259,1.07906051944,1.70366700747
450591614667202562.jpg,0.913190730838,0.952049910873,0.990909090909,0.0,1.00210177898,1.67955613136,0.112421005877,1.00125291937,1.49687273916
442097336307568640.jpg,0.851735657226,0.864759138223,0.87908496732,0.0,0.700569570065,1.39944767952,-0.0233274418637,0.699734511512,1.20625302616
443963008796987392.jpg,0.398888888889,0.398888888889,0.398888888889,0.0157960355282,1.1060833931,1.84271931648,0.607918987502,1.10648302524,1.3768847617
445144384330153985.jpg,0.721898660454,0.887089885459,0.99504950495,0.0,0.927692532539,1.68808937073,0.464119112877,0.926433579379,1.29873769591
444082795837546496.jpg,0.324586056645,0.349353667393,0.387156862745,0.11019217968,0.726669311523,1.29421305656,0.247610185435,0.726726122475,1.21609490282
444103722327502850.jpg,0.446559015763,0.473740868897,0.489273356401,0.0,1.24209141731,1.99173164368,0.44365309325,1.24224388706,1.69749012848
444471864945942529.jpg,0.997942386831,0.997942386831,0.997942386831,0.0,0.831640958786,1.89935231209,-2.2765822197e-10,0.832006616114,1.34459316571
440053078658527232.jpg,0.271818531334,0.331359733436,0.380545943868,0.0,0.498690098524,1.23588275909,0.00643461368107,0.500139071405,0.915003140151
443320860271579136.jpg,0.0782135076253,0.294604212055,0.727385620915,0.0,1.46689498425,2.20994973183,0.201222413406,1.46747436829,2.11959091732
444453397169586177.jpg,0.765748696482,0.783980808303,0.808724388632,0.0,0.614354610443,1.26274311543,0.0821716773288,0.613997004013,1.17672423569
1094927909011691010_191224964.jpg,0.555501222494,0.555501222494,0.555501222494,0.0,0.754130005836,1.61743843555,0.258511049633,0.753699117985,1.09189971046
444048146335678464.jpg,0.773594771242,0.877782619221,0.945504720407,0.176553308964,0.736086606979,1.43037366867,0.232973991004,0.735298514821,1.28106773489
1105542664529176092_1668239920.jpg,0.0039119804401,0.0039119804401,0.0039119804401,0.0,0.559872746468,1.31827259064,-0.00366503940238,0.559837563454,1.18631187093
443529347668799488.jpg,0.557923169268,0.599539815926,0.65156062425,0.255083143711,0.636851727962,1.30724573135,0.31946241243,0.636193397445,1.3685878302
442705656449998848.jpg,0.0466310160428,0.0816042780749,0.104919786096,0.345331251621,0.911465108395,1.81052803993,0.529524871018,0.912006570156,1.22585021649
444515426454618112.jpg,0.990196078431,0.990196078431,0.990196078431,0.0,0.286057591438,1.26587486267,-4.23092549878e-15,0.286866407941,1.16802181923
444098916686901248.jpg,0.962026143791,0.971151053014,0.985490196078,0.0,0.465857088566,1.76796483994,-7.19446083619e-15,0.466252926488,1.42546671726
1108465447604513576_1124281.jpg,0.199511002445,0.213854930725,0.226894865526,0.0,0.611045598984,0.991710662842,0.0372659128656,0.610947224331,0.983913934996
444411766672355328.jpg,0.0,0.026033942989,0.0702916460702,0.0,0.669417738914,1.65177679062,-0.0102613508473,0.669270475083,1.47475310898
1326537704804071091_257143926.jpg,0.997555012225,0.997555012225,0.997555012225,0.0,0.646653652191,1.29312551022,-2.18945339477e-15,0.646656242494,1.28953644761
444710877808574464.jpg,0.99730458221,0.99730458221,0.99730458221,0.0,0.255025625229,1.70288872719,-0.00348846427855,0.255317620868,1.62987544004
444462012613918720.jpg,0.0,0.0,0.0,0.027273863554,1.04233515263,1.30970621109,0.590002655269,1.0427011176,1.13393763638
444545715843239936.jpg,0.960847058824,0.976470588235,0.984282352941,0.0,0.881301403046,2.07804369926,0.00174312125362,0.88291724777,1.64782916108
444068116578856961.jpg,0.954861944778,0.963918900894,0.978151260504,0.0,0.505207896233,1.4068249464,0.000166522966824,0.506819590443,1.39666547199
444116828764123138.jpg,0.504805843906,0.539753940792,0.574702037678,0.0,1.22721350193,1.95256638527,0.520326288893,1.22766280006,1.682213438
444125583694262273.jpg,0.284759829858,0.412186603036,0.57732129889,0.437014698982,1.02963483334,1.86172580719,0.728274246893,1.02955674984,1.4456703713
1072128510378567313_1766038000.jpg,0.676772616137,0.676772616137,0.676772616137,0.0,0.576049029827,1.43115925789,0.000117529360699,0.575930094519,1.31902884221
448003360021434368.jpg,0.964591503268,0.973703703704,0.980212418301,0.0,0.306095421314,1.84110808372,0.00127420908227,0.303480474169,1.39081212363
444274710365220864.jpg,0.558957654723,0.60325732899,0.641042345277,0.0657349228859,0.66044896841,1.41332781315,0.0720619967112,0.660076483581,1.42995461051
444085742029897728.jpg,0.0900287387682,0.135695490317,0.191800356506,0.602464437485,1.08707678318,2.01687574387,0.926894572251,1.08700687347,1.67604756991
444641348121927680.jpg,0.504008714597,0.511822803195,0.527450980392,0.0,0.830925107002,1.74456620216,0.0106972808593,0.830054960387,1.40733492649
450451752345550848.jpg,0.0039070442992,0.0039070442992,0.0039070442992,0.0,0.998594343662,1.81186437607,0.330404833741,0.998376741331,1.17017051031
445367115973795840.jpg,0.0,0.264052287582,0.58246828143,0.0425439178944,1.12250506878,1.47621917725,0.406050423716,1.12324810083,1.51738784472
444022708863381504.jpg,0.105421994885,0.110628019324,0.113231031543,0.0,0.448946624994,2.12931394577,0.00221193883537,0.450302531919,1.53612558889
439569320863993856.jpg,0.128932461874,0.190142822561,0.24223674655,0.235850811005,0.834339022636,1.22973954678,0.430836921413,0.834291288637,1.18813796703
444472423467859968.jpg,0.997942386831,0.997942386831,0.997942386831,0.0,0.831640958786,1.89935231209,-2.2765822197e-10,0.832006616114,1.34459316571
443087602267078657.jpg,0.582149600581,0.632941176471,0.68373275236,0.0,0.771700501442,1.60533881187,0.00694942881981,0.77125302221,1.44406909731
444467479222288384.jpg,0.0,0.0,0.0,0.027273863554,1.04233515263,1.30970621109,0.590002655269,1.0427011176,1.13393763638
443595035884285953.jpg,0.984117647059,0.991928104575,0.995833333333,0.0,0.318331509829,2.34178614616,0.00124906249032,0.315852337142,1.54088935567
441054118346375168.jpg,0.0,0.0,0.0,0.0,0.864582419395,1.53210222721,-0.0446781453157,0.864830830297,1.38966506227
445367659312324609.jpg,0.0,0.264052287582,0.58246828143,0.0425439178944,1.12250506878,1.47621917725,0.406050423716,1.12324810083,1.51738784472
444061880445722624.jpg,0.0861147421932,0.131781650932,0.18788671024,0.620475828648,1.08892393112,1.99575948715,0.912521048364,1.08885067811,1.68132448934
444093215734374400.jpg,0.745559400231,0.814161220044,0.877585544022,0.0660911798477,0.725140452385,1.26087331772,0.192315192154,0.723891494026,1.04398943684
445423397967626240.jpg,0.238451418906,0.28275386832,0.320541251644,0.0,0.917100191116,1.47941374779,0.109490906483,0.91738289184,1.2806359655
1106513247425466994_43765963.jpg,0.80195599022,0.80195599022,0.80195599022,0.0,0.258700489998,0.950737595558,-0.109861302868,0.258139943819,0.83743771204
444830577372323840.jpg,0.99730458221,0.99730458221,0.99730458221,0.0,0.255025625229,1.70288872719,-0.00348846427855,0.255317620868,1.62987544004
444395574935048192.jpg,0.739117647059,0.810813362382,0.887723311547,0.0,0.626165390015,2.07850050926,0.0760092550308,0.625988876151,1.69895742217
1100714359860208976_2052592280.jpg,0.645476772616,0.650692746536,0.653300733496,0.0,0.41587716341,2.10337162018,-0.0168776460109,0.415758568788,1.57619245491
444093035874246659.jpg,0.0900287387682,0.135695490317,0.191800356506,0.602507650852,1.08731591702,2.01137065887,0.927132795815,1.08724704929,1.67857649616
449920370624040961.jpg,0.02732389252,0.0364318566933,0.0507443718228,0.0,1.11038076878,2.16854953766,0.778474167083,1.11019501147,2.45727536722
443380556877688832.jpg,0.112691622103,0.13082590612,0.155436720143,0.0,0.831928610802,1.99056911469,0.226309040535,0.832761974247,1.50810345113
442897379763560449.jpg,0.0,0.0,0.0,0.0,1.00652194023,1.98229026794,0.2733869404,1.00663841443,1.63792086486
449760095488860160.jpg,0.379599673203,0.490479302832,0.583096405229,0.190052807331,0.982461988926,1.60232841969,0.209389025437,0.982525546959,1.46601456391
444253937970204672.jpg,0.824773145504,0.888618144129,0.942039469509,0.0,0.843880653381,1.51596677303,0.136834956343,0.844399360529,1.2944312548
444425812381425664.jpg,0.234640522876,0.307639796659,0.367603485839,0.0,0.94303560257,1.76717400551,0.115733277022,0.943886046823,1.31259666544
442823412247838722.jpg,0.0,0.097078046905,0.232987312572,0.0,1.05494749546,1.41921758652,0.523264546558,1.05486350642,1.18430609747
1102884056795274455_1614778670.jpg,0.109535452323,0.114751426243,0.121271393643,0.0,0.663217842579,1.29009783268,0.00490466008588,0.663037477777,1.01539447169
445170537623334914.jpg,0.271818531334,0.420671536588,0.539753940792,0.0,0.796465456486,1.56402158737,0.0391143052777,0.797860243531,1.37205818517
444275168051859456.jpg,0.273493100944,0.29302832244,0.308656499637,0.0,0.672897696495,1.3739477396,0.00274223267136,0.672347598393,1.27039280409
444096729810763776.jpg,0.997222222222,0.997222222222,0.997222222222,0.0,0.469827502966,1.81546640396,-5.90984188563e-15,0.470382151477,1.61025707982
444471492223303680.jpg,0.0,0.0,0.0,0.724389076233,1.38854908943,2.10312485695,0.960431761561,1.38748148187,2.28627449615
444735354877145088.jpg,0.25045751634,0.296113834423,0.32089869281,0.0,0.757108747959,1.26935577393,0.0192848875331,0.756969778855,1.15190859688
444363939149668352.jpg,0.340465686275,0.498306100218,0.75137254902,0.0,0.687763035297,1.25579416752,-0.0051251268717,0.687689887449,1.32532612242
444846106107592704.jpg,0.930857648099,0.930857648099,0.930857648099,0.0,0.97467815876,1.43336009979,-0.00483933668818,0.97409253946,1.22690378996
444732617896640512.jpg,0.0,0.0,0.0,0.00757378339767,1.0842654705,2.05707073212,0.355453015864,1.084187481,1.57351322217
447765629118849024.jpg,0.0625127087872,0.138048898572,0.19535221496,0.0285177826881,0.910510063171,1.49481987953,0.353433800608,0.910447058187,1.53106932281
1102055078854758299_670745866.jpg,0.7902200489,0.7902200489,0.7902200489,0.0,0.79037553072,1.45443046093,0.00440768254211,0.789951417163,1.44743411582
443202492944236544.jpg,0.765780682643,0.820479302832,0.902527233115,0.0,0.540642261505,1.14691829681,0.086601209361,0.540233508956,1.02004435275
442967626323460097.jpg,0.367890196078,0.52965751634,0.657505882353,0.0,0.620647668839,1.32035291195,-0.0125820734758,0.62055613217,1.18050166228
442542380441288705.jpg,0.211323529412,0.318289760349,0.438300653595,0.0,0.800590276718,1.62791609764,0.000711905320754,0.800194639291,1.29591602802
444061383219351552.jpg,0.0,0.0,0.0,0.0,0.805006921291,1.43473482132,0.181780049989,0.804712312915,1.15897167866
443547195426349057.jpg,0.199667221298,0.214022380999,0.238817656846,0.0,0.472797036171,1.06308054924,-0.0157773954092,0.472851963331,0.978850182611
444162207794745344.jpg,0.0,0.0,0.0,0.0,0.628204703331,1.52965390682,0.140640879346,0.628086559993,1.1768168545
440453442633347072.jpg,0.0,0.00260711692084,0.00782135076253,0.0,0.629935920238,1.23560845852,0.0201739435918,0.630002471098,1.13820109963
442486295894302721.jpg,0.0507915758896,0.0560009682885,0.0625127087872,0.0,0.835949063301,2.13333082199,0.0233351737792,0.836061999424,1.43121395343
444370059167674368.jpg,0.864259259259,0.920312273057,0.962026143791,0.0,0.47140660882,1.37781965733,0.0566994276675,0.47123508618,1.1417122168
440032608924073984.jpg,0.581595987232,0.615424836601,0.659662562699,0.29754370451,0.745205879211,1.21847581863,0.318836629973,0.744392025599,1.13736599042
445106540928696320.jpg,0.0,0.0,0.0,0.0,0.786287069321,1.43087995052,0.255741290679,0.786051594499,1.23683310761
445732468562198528.jpg,0.234640522876,0.307639796659,0.367603485839,0.0,0.94303560257,1.76717400551,0.115733277022,0.943886046823,1.31259666544
444761723409424385.jpg,0.179891067538,0.195533769063,0.226819172113,0.0,0.650005877018,1.40998184681,0.0533240040627,0.64954179769,1.2516439641
444175396481667072.jpg,0.0273504273504,0.0338624338624,0.0429792429792,0.0,0.601339995861,1.5608304739,0.0209997670244,0.600832478864,1.42907835312
445017971681812481.jpg,0.645710784314,0.653537581699,0.665277777778,0.0,0.705664277077,1.36142933369,-0.0688504142042,0.705235521178,1.34410797338
1102085067685384722_469932451.jpg,0.430317848411,0.435533822331,0.442053789731,0.589116573334,1.07314920425,1.60325777531,1.02039587861,1.07318384657,1.15263764846
1107529399324098107_1979525238.jpg,0.0547677261614,0.0743276283619,0.101711491443,0.179177999496,0.455383002758,1.20730662346,0.250851375637,0.455059228062,1.11470454429
439749110900350977.jpg,0.0,0.00260130718954,0.00780392156863,0.0,0.784434437752,1.36343002319,0.0183534472632,0.78457250512,1.12696427483
443951318063796224.jpg,0.0,0.0,0.0,0.629972815514,1.07701361179,2.21917533875,0.88188487411,1.07679028076,1.78954928945
1075005101894424825_21092453.jpg,0.0039119804401,0.0039119804401,0.0039119804401,0.0,0.643569767475,1.42040145397,-0.0934055360116,0.643149352282,1.29025813691
443906312657596416.jpg,0.839594661394,0.853913330038,0.866930301532,0.0,0.225197792053,0.746739625931,-0.023702558425,0.224727057453,0.749041713994
444394602955427840.jpg,0.230515613653,0.315168240136,0.378983297023,0.0,0.8484852314,2.11797618866,0.171636125324,0.848389670556,1.39891630465
444349431752564738.jpg,0.962026143791,0.971151053014,0.985490196078,0.0,0.465857088566,1.76796483994,-7.19446083619e-15,0.466252926488,1.42546671726
443626507269730305.jpg,0.9562946674,0.970606560381,0.995327102804,0.0,0.465359419584,1.8006272316,-0.00146591039543,0.467208397427,1.56559614702
444115908600930304.jpg,0.997752808989,0.997752808989,0.997752808989,0.0,0.756506025791,1.93348741531,0.0105490782918,0.757463767911,1.61292992529
444455340868771841.jpg,0.0,0.0,0.0,0.124639809132,1.03360068798,1.74253177643,0.684503896776,1.03379981939,1.2334636783
444400503179341824.jpg,0.417499261011,0.681525273426,0.854507833284,0.0,0.965218961239,1.64443635941,0.407893688289,0.965626647145,1.72230304401
1089536720259160555_597139773.jpg,0.895843520782,0.911491442543,0.938875305623,0.0,0.58984875679,1.17486643791,-0.0191419965078,0.589295376323,1.02731278205
444657935394684928.jpg,0.994219653179,0.994219653179,0.994219653179,0.0,0.811509132385,1.76618814468,0.113526616523,0.813410269384,1.4043482761
444755002909663232.jpg,0.993464052288,0.993464052288,0.993464052288,0.0,0.840571463108,1.8033747673,0.160818877568,0.843012703903,1.37864711678
444118417818136576.jpg,0.504805843906,0.539753940792,0.574702037678,0.0,1.22721350193,1.95256638527,0.520326288893,1.22766280006,1.682213438
1103306751787144813_2250211028.jpg,0.995652173913,0.995652173913,0.995652173913,0.0,0.196834146976,1.43122434616,-0.0158835943199,0.19685230055,1.27583495585
444074052383019008.jpg,0.0,0.0950606196677,0.17970363718,0.269251644611,0.84460067749,1.20815181732,0.533572147455,0.845110319324,1.10458417774
444375420536754176.jpg,0.0077662437524,0.0336537229271,0.0698961937716,0.204292178154,0.792454600334,1.35214197636,0.358310468601,0.793015150853,1.23408352184
444322785007915010.jpg,0.962026143791,0.971151053014,0.985490196078,0.0,0.465857088566,1.76796483994,-7.19446083619e-15,0.466252926488,1.42546671726
443713453933350912.jpg,0.789222948439,0.798339385137,0.804851125635,0.0,0.64607167244,1.41742241383,0.0581275040948,0.645995461257,1.20666287555
445350768770433026.jpg,0.131782945736,0.144702842377,0.170542635659,0.0,0.972260951996,1.40340077877,0.622694997312,0.971903506058,1.10735781282
440293123130785793.jpg,0.128932461874,0.190142822561,0.24223674655,0.235850811005,0.834339022636,1.22973954678,0.430836921413,0.834291288637,1.18813796703
445862036115701760.jpg,0.0,0.0,0.0,0.0,0.845442831516,1.45259022713,0.00498940143014,0.846269882917,1.46849113951
444448660487557121.jpg,0.989302387622,0.989302387622,0.989302387622,0.0,0.569660663605,1.66223597527,-1.12165286855e-06,0.569646825917,1.30648019366
444067451752308736.jpg,0.543518044899,0.557855451359,0.570889457232,0.26145273447,0.420705288649,1.01262044907,0.284140603526,0.420513030861,1.12489537636
444254385128742912.jpg,0.0660130718954,0.126848647956,0.221337946943,0.0,1.1069791317,1.57740211487,0.142090476242,1.10754112916,1.44526401239
444355226951094273.jpg,0.997222222222,0.997222222222,0.997222222222,0.0,0.231031984091,1.6165446043,-1.38380787111e-08,0.231250504029,1.39721656564
444057679518900224.jpg,0.984117647059,0.991928104575,0.995833333333,0.0,0.300486952066,1.52381968498,0.00124906249032,0.297994952876,1.52726473725
443215009649143808.jpg,0.746245461147,0.770990075042,0.789222948439,0.0,0.574802041054,1.40315675735,-0.000380661750547,0.57366344457,1.23896634933
444262366226558976.jpg,0.903359003769,0.930733519034,0.97766125949,0.0,0.432459563017,1.57197666168,-3.18008604555e-11,0.43252017955,1.49064223338
442739436833361920.jpg,0.211457131872,0.233243624247,0.246059207997,0.0,0.865790009499,1.60520851612,0.336427858665,0.865110990019,1.15985926805
443072429624008704.jpg,0.0,0.00521423384168,0.0156427015251,0.035547465086,1.02000832558,1.38769817352,0.242054776185,1.02006808916,1.43886906412
444360397630369792.jpg,0.0077399380805,0.0077399380805,0.0077399380805,0.0,0.947376906872,1.67722177505,0.0786719448876,0.946683469984,1.25639948683
444361658492678144.jpg,0.700010893246,0.765188816267,0.80559912854,0.0,0.470169007778,1.72600269318,-0.00550999318752,0.47030067082,1.3199981119
442850338106662913.jpg,0.54468832309,0.660579455663,0.772607550483,0.442449629307,0.751858234406,1.19548976421,0.487107237872,0.751281580353,1.14383771509
449722379720089600.jpg,0.0,0.0,0.0,0.0,0.671399831772,1.89107728004,0.00652295517297,0.672083764293,1.79335818229
442913821674315776.jpg,0.112691622103,0.128235294118,0.147664884135,0.0,0.828798174858,1.97222185135,0.227429573137,0.829620603658,1.497696126
444104383479812097.jpg,0.480553116769,0.673295288265,0.820456540825,0.0,0.98536491394,1.47436499596,0.28332765243,0.984804267454,1.29226926178
1100455741441592867_1070007706.jpg,0.997555012225,0.997555012225,0.997555012225,0.0,0.173912912607,1.36972868443,-0.0184949983933,0.172762275812,1.2194999651
444359181009580032.jpg,0.44871415903,0.70363582619,0.881820869051,0.0,0.947481036186,1.65662097931,0.372107262356,0.947889475398,1.74779274101
444822045558198272.jpg,0.0,0.00260711692084,0.00782135076253,0.0,0.386626690626,1.57178235054,0.0510540833205,0.387293871726,1.41109872463
444033102189326336.jpg,0.962026143791,0.971151053014,0.985490196078,0.0,0.266102582216,1.41087281704,-1.7250284215e-11,0.266398913091,1.39404884206
442688687608827904.jpg,0.038831218762,0.0763680635653,0.135909265667,0.0,0.948908627033,1.655128479,0.0779265763494,0.949578842921,1.41074623057
444338699350720512.jpg,0.0704380475594,0.0704380475594,0.0704380475594,0.0,0.567633807659,1.86629033089,-3.03915975432e-12,0.568430340183,1.41536100967
444318287799672834.jpg,0.989075630252,0.992985020095,0.996894409938,0.0,0.541955411434,2.00612831116,0.000368583406083,0.544168473585,1.85201203805
444315554031992833.jpg,0.144592471135,0.229263738016,0.320448179272,0.0,0.799290180206,1.63964724541,-0.0257323594823,0.799493638723,1.22928651693
444802508389486593.jpg,0.474117647059,0.488137254902,0.512352941176,0.18674236536,0.769813477993,1.42362117767,0.346564293023,0.76920256633,1.22843745308
442896269011214336.jpg,0.0,0.0,0.0,0.0,1.00652194023,1.98229026794,0.2733869404,1.00663841443,1.63792086486
444104518066659328.jpg,0.128143021915,0.161796744842,0.213571703191,0.0385431945324,0.902604222298,1.35778272152,0.275635578949,0.903353745741,1.38082783712
444038785928400897.jpg,0.99358974359,0.99358974359,0.99358974359,0.0,0.371853470802,1.29891109467,-4.73224854364e-15,0.372659011957,1.41990067973
444649025032040449.jpg,0.684844771242,0.705716230937,0.739632352941,0.0,0.683169662952,1.22135424614,0.15703892751,0.68351703139,1.23537197254
444147207948615681.jpg,0.117209709162,0.117209709162,0.117209709162,0.0,0.463008493185,1.50440192223,-7.06637538069e-11,0.464069996758,1.59885544891
1327195597803278511_2264128507.jpg,0.997555012225,0.997555012225,0.997555012225,0.0,0.143704742193,0.855070710182,-0.0531873238406,0.143941500398,0.756948624336
444021640918093824.jpg,0.105421994885,0.110628019324,0.113231031543,0.0,0.448946624994,2.12931394577,0.00221193883537,0.450302531919,1.53612558889
444061934208311296.jpg,0.0,0.0,0.0,0.0,0.373781830072,2.08323669434,-0.00818358090358,0.374071631567,1.31133164375
443969015686262784.jpg,0.675918663762,0.703267973856,0.726710239651,0.0,0.628877997398,1.2667427063,0.0178579270981,0.627905394188,1.38065706142
1205347665149150633_511246008.jpg,0.586797066015,0.593317033415,0.598533007335,0.0,0.557272136211,1.31653416157,-0.0160507351866,0.557104999615,1.18622754988
444120822664294401.jpg,0.0156281771968,0.0299540062939,0.039070442992,0.0,0.862397968769,1.30719983578,-0.0394354154108,0.86238512136,1.13515184201
444650064162484224.jpg,0.997050147493,0.997050147493,0.997050147493,0.0,0.913312792778,2.01274299622,0.00477722521028,0.914240886118,1.78554160279
444055779293671424.jpg,0.0900287387682,0.135695490317,0.191800356506,0.602507650852,1.08731591702,2.01137065887,0.927132795815,1.08724704929,1.67857649616
442874139674566656.jpg,0.0,0.0,0.0,0.0,0.953905642033,2.29633879662,0.277303736603,0.953951400595,1.69873031128
440872573677486081.jpg,0.846849419379,0.90668824164,0.952217780316,0.0,0.333926945925,1.17749595642,0.0231283455752,0.331910732501,1.0167393916
444106115635085313.jpg,0.943133178427,0.960091313032,0.974440503852,0.0,0.588622689247,1.2998008728,-0.00278273477825,0.587855270247,1.17941344108
444042782928154624.jpg,0.6332247557,0.665798045603,0.695765472313,0.183656275272,0.662681341171,1.25587439537,0.230979074718,0.66261512957,1.20214978874
1106155115437042833_11096738.jpg,0.148655256724,0.153871230644,0.160391198044,0.0,0.61610943079,1.2311668396,-0.0124645259149,0.616108005557,1.07286409441
440501261415108608.jpg,0.164091308165,0.306043312848,0.461018437226,0.0,0.875374019146,1.63288998604,0.182122053486,0.87569250488,1.45167985878
445366702553849857.jpg,0.0,0.264052287582,0.58246828143,0.0425439178944,1.12250506878,1.47621917725,0.406050423716,1.12324810083,1.51738784472
1102492977550792318_2160254548.jpg,0.702813299233,0.709320829781,0.71452685422,0.0,0.415232896805,1.3883844614,0.00816344612968,0.414982265052,0.71381057335
444190356184104961.jpg,0.0900287387682,0.135695490317,0.191800356506,0.602464437485,1.08707678318,2.01687574387,0.926894572251,1.08700687347,1.67604756991
444182175542308864.jpg,0.908377896613,0.930375651944,0.943315508021,0.0,0.750587105751,1.59372150898,0.0105726932192,0.751572865439,1.3754599696
443975802695086081.jpg,0.916416762784,0.944892989876,0.963014225298,0.0,0.842428147793,1.53273737431,0.00118738829658,0.842648557272,1.21446699462
1075289547174210586_31080154.jpg,0.449877750611,0.455093724531,0.461613691932,0.484248280525,0.710651218891,1.47518670559,0.47123847571,0.710273864554,1.23148380937
446572022802305024.jpg,0.874986543637,0.908840189671,0.933579392541,0.0,0.582015872002,1.50244498253,0.00874733555961,0.581823678521,1.18047552229
444463908279959552.jpg,0.0,0.00781758957655,0.0234527687296,0.0,0.849918544292,1.98359799385,0.00153882270346,0.849914348506,1.9637577672
442498759981690880.jpg,0.0155436720143,0.0246108140226,0.0427450980392,0.0,0.808781802654,2.11510705948,0.157669886272,0.808939473635,1.50338887218
445190515042971648.jpg,0.0625127087872,0.0937690631808,0.109397240378,0.267929792404,1.08297002316,1.36033320427,0.629332825346,1.0830693505,1.38269156697
444692905643364352.jpg,0.395405972236,0.447604780452,0.501108558873,0.0,0.726704180241,1.50548553467,-0.0374723384442,0.726420331682,1.45911912438
444050272956870658.jpg,0.625182622068,0.713200051262,0.757208765859,0.0,0.867640316486,1.62699651718,0.0534331633923,0.868731806538,1.60300386544
444312309939195904.jpg,0.08985181859,0.184912438258,0.29299506062,0.0842334330082,0.853136122227,2.07864713669,0.443636007276,0.853094819207,1.3896614675
444291596524072960.jpg,0.504008714597,0.524846284193,0.546986201888,0.0725266039371,0.895682275295,1.41564309597,0.184883242128,0.895074753687,1.367373628
1089463019513508999_2139305444.jpg,0.876283618582,0.891931540342,0.899755501222,0.0,0.797900259495,1.37031185627,-0.015319615079,0.797044462953,1.23519666138
441890049823883264.jpg,0.971176470588,0.971176470588,0.971176470588,0.0,0.33173674345,1.33136165142,0.00582899284748,0.33337051443,1.35613421018
443965883438735360.jpg,0.997134670487,0.997134670487,0.997134670487,0.0,0.63709038496,2.07202839851,0.0205639000376,0.63818639563,1.93879198675
444448508389511168.jpg,0.50092272203,0.53198769704,0.547520184544,0.0,0.579087615013,1.29952955246,0.180611034386,0.580459138195,1.67817602778
442875019270447104.jpg,0.921633986928,0.932047930283,0.945065359477,0.0,0.315463781357,1.74012470245,-0.000219767756553,0.313317703387,1.31490688417
444019024481882112.jpg,0.0,0.0,0.0,0.0,0.912170708179,1.3869035244,0.0700001714106,0.91222613673,1.25009215372
444070056779997185.jpg,0.53198769704,0.546225810586,0.563052672049,0.0,0.973266780376,1.66571116447,0.308259193786,0.972795671204,1.28095549713
444365280358051840.jpg,0.954204793028,0.954204793028,0.954204793028,0.0,0.489415436983,2.00910234451,-0.0666076674664,0.488768837042,1.47556473751
444473705121329152.jpg,0.0,0.0,0.0,0.00226813554764,0.983241260052,1.74699473381,0.450366638202,0.983685586668,1.39516575059
447032390628560897.jpg,0.0310649750096,0.0530693323081,0.0854286812764,0.0,0.975786805153,1.87249684334,0.168593496488,0.975628690948,1.81244942862
444110664072581120.jpg,0.548481973435,0.639247311828,0.793548387097,0.0,0.48250284791,1.31275713444,0.0457107214023,0.482230694933,1.19314105859
444047731372204032.jpg,0.761873638344,0.772292423142,0.785315904139,0.0,0.731272339821,1.23698663712,-0.00855509438572,0.730951251163,1.07259822562
439591985301561344.jpg,0.726359832636,0.738075313808,0.75369595537,0.0,0.59519559145,1.59416222572,0.0212575008954,0.594797528446,1.53972201414
439987399867633664.jpg,0.324812091503,0.352205882353,0.371772875817,0.0,0.902966320515,1.72249531746,0.278939658461,0.902951018579,1.70325748227
445755503243984896.jpg,0.673104575163,0.830944989107,0.970522875817,0.155561804771,1.07796096802,2.15309262276,0.227546228454,1.07767929885,2.18706052459
449217728675446785.jpg,0.0932620320856,0.230564468212,0.353618538324,0.0422977805138,0.774833083153,1.39085710049,0.158589748798,0.774654098653,1.35805126031
442683160229208064.jpg,0.811648223646,0.911803533295,0.987245195108,0.0,0.835377931595,1.80245876312,0.135899340152,0.835254754728,1.25453236602
444400113830465536.jpg,0.0,0.0,0.0,0.00339812040329,1.08201420307,1.98566508293,0.354582419926,1.08193578254,1.57276653665
450142077284667393.jpg,0.394788273616,0.409120521173,0.422149837134,0.0,1.01186525822,2.05302333832,0.150736784709,1.01193418614,1.40566752723
443175734559789056.jpg,0.44149600581,0.679825708061,0.980668119099,0.120845735073,0.875549137592,1.33151745796,0.26350858638,0.874708965971,1.17239894019
1121503512539241151_1677049165.jpg,0.625916870416,0.638956805216,0.649388753056,0.14815056324,0.512208580971,1.16492569447,0.242034337576,0.512081242859,1.10384195322
444444757645737984.jpg,0.605591866376,0.625127087872,0.656383442266,0.254092693329,0.55865675211,1.7469496727,0.316883077714,0.557726204819,1.3032228746
444283425646579712.jpg,0.831138425519,0.840243228303,0.854550775534,0.0,0.769628584385,1.5545334816,0.00030849179291,0.76833652161,1.32691721777
444458320019996672.jpg,0.824303405573,0.829463364293,0.835913312693,0.0,1.00912070274,1.90102291107,0.397762411552,1.01370298115,1.21960704016
444310663385456640.jpg,0.651643742074,0.792117842162,0.889669300556,0.13905030489,0.941562116146,1.30117440224,0.354829169344,0.941131648405,1.13125155169
443014896590921728.jpg,0.0782135076253,0.294604212055,0.727385620915,0.0,1.46689498425,2.20994973183,0.201222413406,1.46747436829,2.11959091732
444069941021396992.jpg,0.316839677047,0.520338331411,0.784371395617,0.0,1.00180959702,1.62911581993,0.177100025224,1.00072164452,1.46997609616
444041903135141888.jpg,0.121059972106,0.177033937703,0.206973500697,0.516560912132,0.887376844883,1.40559720993,0.584965853339,0.886968767623,1.16896402379
444067869488214016.jpg,0.609498910675,0.677221011862,0.714989106754,0.0,0.879562199116,1.55832254887,0.0150362573525,0.878907874326,1.5276967582
441508522027524096.jpg,0.445403050109,0.470147664004,0.519636891794,0.174921751022,0.749278783798,1.22175991535,0.342801682984,0.749236835264,1.08318765453
1107222667801686782_38131307.jpg,0.168215158924,0.177343113284,0.183863080685,0.0606612563133,0.751772284508,1.45216917992,0.301659326152,0.751700793379,1.08502813815
444828835427520512.jpg,0.0,0.0117211328976,0.019535221496,0.726930260658,1.13961195946,1.41208469868,1.09158837061,1.13974191263,1.40684358268
442918227086045184.jpg,0.523778501629,0.590228013029,0.652768729642,0.0980152785778,0.412138462067,0.956758737564,0.167206121756,0.412121245358,0.908026742424
443737396199190528.jpg,0.901532976827,0.920962566845,0.955935828877,0.0,0.769924640656,1.25941491127,0.00430515364385,0.769268070697,1.19963686785
444442943919640576.jpg,0.989302387622,0.989302387622,0.989302387622,0.0,0.569660663605,1.66223597527,-1.12165286855e-06,0.569646825917,1.30648019366
441802980564561921.jpg,0.419679144385,0.419679144385,0.419679144385,0.0,0.635613441467,1.21750736237,0.0845102169264,0.636040395825,1.14047478623
442872844423139328.jpg,0.363355119826,0.445403050109,0.500101670298,0.0,0.751777589321,1.37228679657,-0.0357586474411,0.752086628392,1.22669461517
441913275245002753.jpg,0.331395348837,0.369083447332,0.413269493844,0.0751218795776,0.940566241741,1.53117346764,0.524361640397,0.94069785257,1.37042721617
1101443746358127357_467014121.jpg,0.997555012225,0.997555012225,0.997555012225,0.0,0.756129980087,1.44568443298,0.000640861781622,0.756161478319,1.24878922468
444877803784126464.jpg,0.0,0.0,0.0,0.0,1.07299351692,1.96626901627,0.366337134826,1.07351007996,1.78277761665
447019345403600897.jpg,0.554800290487,0.609498910675,0.664197530864,0.067870169878,0.901061296463,1.39755868912,0.209890707617,0.900969273992,1.31400235126
442820083065163776.jpg,0.0,0.0039070442992,0.0078140885984,0.0,0.856672465801,1.50795209408,0.0104379601444,0.856836495373,1.16540619201
444437833898422272.jpg,0.535265068991,0.545683853788,0.558707334786,0.242082715034,0.939296960831,1.36673533916,0.299482630881,0.938908177414,1.25410576303
442848143483228160.jpg,0.143675509419,0.178623606305,0.22522106882,0.0,0.790894687176,1.37313532829,0.299156260687,0.79108813115,1.06174459539
440799115887144960.jpg,0.519636891794,0.574335511983,0.617312999274,0.0,0.705651700497,1.38642954826,0.0824362381955,0.705127639088,1.25189508709
442822694665351168.jpg,0.726666666667,0.748686868687,0.777183600713,0.0,0.722701847553,2.19221544266,0.122102529033,0.72168652774,1.66572344144
439592346900905984.jpg,0.863480392157,0.894737600923,0.910366205306,0.0,0.624354541302,1.88133883476,-0.0780028929143,0.623814524273,1.95723263646
1102100021487778481_1955848757.jpg,0.982429834679,0.982429834679,0.982429834679,0.0,0.616520762444,1.65234422684,0.0416638288432,0.617992445731,1.33035305303
443399780006232064.jpg,0.0,0.0,0.0,0.0,0.941327512264,1.52926445007,0.0812257183814,0.941290746204,1.50866892842
444044432149446656.jpg,0.955935828877,0.965002970885,0.979251336898,0.0,0.561497807503,1.42304563522,0.0147469360144,0.563282707836,1.48933574655
444464612159651840.jpg,0.746011496968,0.746011496968,0.746011496968,0.0,0.386208146811,1.34175717831,-0.0608423386979,0.385758541032,1.39374718812
444099760161439745.jpg,0.0,0.00647186979367,0.0116493656286,0.0,0.808031141758,1.5319674015,0.165505747362,0.808522707777,1.37815060483
444083129784209408.jpg,0.687142113483,0.687142113483,0.687142113483,0.362499952316,1.12326025963,2.21313548088,0.720759959838,1.1230141908,1.49151215461
444465415293374464.jpg,0.84920751634,0.902690631808,0.935302287582,0.0,0.606220662594,1.20269441605,0.00889704399866,0.605958391885,1.21961847624
1090518732025421624_545259662.jpg,0.891931540342,0.906275468623,0.915403422983,0.0,0.545864343643,1.17396497726,-0.0280196919475,0.546139822004,1.06883275219
444069286898700289.jpg,0.998435054773,0.998435054773,0.998435054773,0.0,0.310010790825,1.68384361267,-0.000714235926392,0.310519738537,1.39857378634
444319752962711552.jpg,0.859641698406,0.881783984577,0.918253632388,0.0,0.417369753122,1.5412722826,0.00692068175531,0.417330439888,1.32534344151
444350007475310592.jpg,0.997222222222,0.997222222222,0.997222222222,0.0,0.520297825336,1.84548997879,-1.03038782176e-09,0.520143308198,1.22600629685
448848373194301440.jpg,0.101583151779,0.141955942871,0.164095860566,0.0,0.877879083157,1.39028465748,0.123680606556,0.87783835909,1.24059479696
439591301005074433.jpg,0.738431372549,0.78401355604,0.843921568627,0.0,0.748572587967,1.86945271492,-0.00671794285589,0.747979872881,1.45565412657
444354660158017536.jpg,0.0,0.0,0.0,0.0,0.863199830055,1.77264618874,0.18884402076,0.863913778562,1.30639466646
441464984699027456.jpg,0.443237807944,0.642824423217,0.758169934641,0.0,0.952740967274,1.4500092268,0.118555739971,0.953195197882,1.36587469329
444748679434354688.jpg,0.0,0.0870092699389,0.257131872357,0.0,0.900489151478,1.94422960281,0.420680610896,0.900409025197,1.5927284295
444842057102655488.jpg,0.0,0.0349480968858,0.0893118031526,0.0241330564022,1.03326487541,1.43282055855,0.417997831824,1.03401641692,1.32762871277
442665486895939584.jpg,0.997222222222,0.997222222222,0.997222222222,0.0,0.734778404236,1.35190832615,0.0238220611491,0.736174039777,1.14882720993
442639663463821312.jpg,0.256286043829,0.341714725106,0.399961553249,0.0,0.681889414787,1.16081297398,0.0791913008316,0.681612771505,1.12977298944
445170030984962048.jpg,0.986163522013,0.990076869322,0.993990216632,0.0,0.504229903221,1.63522458076,-0.00795835631947,0.504344381397,1.33442940382
447998277640663040.jpg,0.964591503268,0.973703703704,0.980212418301,0.0,0.306095421314,1.84110808372,0.00127420908227,0.303480474169,1.39081212363
449014627184046080.jpg,0.14846768337,0.201863955459,0.230515613653,0.0,0.767018318176,1.77713012695,0.277916000303,0.767184634747,1.68776066365
444080054385909761.jpg,0.962026143791,0.971151053014,0.985490196078,0.0,0.465857088566,1.76796483994,-7.19446083619e-15,0.466252926488,1.42546671726
444116203322093569.jpg,0.520235294118,0.533176470588,0.543529411765,0.162176311016,0.603528916836,1.28646814823,0.365996795793,0.602908316641,0.84203270997
444032927941160960.jpg,0.0,0.0117373461012,0.0195622435021,0.640131354332,1.07430887222,2.12675666809,0.900450929972,1.07412096634,1.60652572112
446309801723584512.jpg,0.0507915758896,0.100280803679,0.125025417574,0.0,0.936818063259,1.13240551949,0.379242713457,0.936877867301,1.07136424358
440810160752062464.jpg,0.582149600581,0.591266037279,0.597777777778,0.303917348385,0.823658287525,1.43993747234,0.279761159164,0.823116987281,1.11967355654
444322362977026048.jpg,0.996763754045,0.996763754045,0.996763754045,0.0,0.760540187359,1.72643351555,0.0314960217064,0.761734222189,1.51938465589
450583924154957824.jpg,0.234640522876,0.307639796659,0.367603485839,0.0,0.94303560257,1.76717400551,0.115733277022,0.943886046823,1.31259666544
444065402197254145.jpg,0.954861944778,0.963918900894,0.978151260504,0.0,0.505207896233,1.4068249464,0.000166522966824,0.506819590443,1.39666547199
444143883140608000.jpg,0.0155324875048,0.0232987312572,0.0349480968858,0.0,1.29872274399,1.90644621849,0.42282051224,1.29895393296,1.69493639102
444435118107545601.jpg,0.990196078431,0.990196078431,0.990196078431,0.0,0.671094954014,1.62122189999,0.0331907620027,0.67367224617,1.21928346359
444050356977152000.jpg,0.773594771242,0.88038731542,0.945504720407,0.0,0.963409245014,1.64251565933,0.0979918330936,0.962919991311,1.38558888294
444053725020041218.jpg,0.480553116769,0.673295288265,0.820456540825,0.0,0.98536491394,1.47436499596,0.28332765243,0.984804267454,1.29226926178
449355133571182592.jpg,0.316470588235,0.321679980634,0.324284676834,0.0,0.875408530235,1.24995315075,-0.000745999655956,0.874515446429,1.20958849136
444263987606069248.jpg,0.949411764706,0.961132897603,0.9767610748,0.0,0.518345594406,1.19376003742,-0.0456224723941,0.518153188088,1.03448536501
444037279061774337.jpg,0.0,0.00260849084378,0.00782547253135,0.615344941616,1.07925391197,2.17366743088,0.936374692259,1.07906051944,1.70366700747
443917939457015808.jpg,0.257864923747,0.287818930041,0.34381989833,0.0,0.904133677483,1.51594865322,0.178233161425,0.903934681463,1.31524895853
443919776809631744.jpg,0.687142113483,0.687142113483,0.687142113483,0.362499952316,1.12326025963,2.21313548088,0.720759959838,1.1230141908,1.49151215461
445000249329713152.jpg,0.930857648099,0.930857648099,0.930857648099,0.0,0.97467815876,1.43336009979,-0.00483933668818,0.97409253946,1.22690378996
449408609550471168.jpg,0.355700325733,0.426058631922,0.469055374593,0.0,0.765376508236,1.31973743439,0.0515823854506,0.764936894979,1.21547097732
444278634266636289.jpg,0.409974424552,0.753572037511,0.995652173913,0.0,0.578009843826,1.62081885338,0.0965254422554,0.578063417214,1.3483023775
444350990154625024.jpg,0.998435054773,0.998435054773,0.998435054773,0.0,0.310010790825,1.68384361267,-0.000714235926392,0.310519738537,1.39857378634
445556146804232192.jpg,0.987843137255,0.991747655584,0.995652173913,0.0,0.568636953831,1.46360206604,0.0314699746575,0.568731009084,1.36787102408
449832461262786560.jpg,0.0156427015251,0.0182498184459,0.0234640522876,0.0,0.74075782299,1.50395822525,0.00309801040017,0.740888122863,1.32847667687
444462911520374784.jpg,0.0,0.431071263698,0.664188351921,0.0,1.01189780235,1.9896364212,0.111261861289,1.01240772772,1.74918452497
1098487281585245112_2040207833.jpg,0.551589242054,0.558109209454,0.563325183374,0.0,0.472917199135,1.55717670918,-0.00993211605132,0.472466478938,1.2053541018
439592626069585920.jpg,0.542817294282,0.574058577406,0.632635983264,0.0,0.775571703911,1.75680017471,0.0179912822669,0.775121214863,1.52169160715
442858603716702209.jpg,0.837790871867,0.862585305769,0.888684709877,0.0,0.524569451809,1.71564221382,-0.0967366599639,0.524169716004,1.40091401662
444446885357432832.jpg,0.784937238494,0.83179916318,0.886471408647,0.0,0.641817450523,1.62733578682,0.121410858461,0.641212815916,1.36357110891
444423907286589440.jpg,0.936993464052,0.936993464052,0.936993464052,0.0,0.651067972183,2.16761612892,0.000329878734494,0.650317976347,1.95813045698
440524149560070144.jpg,0.281307189542,0.303447107238,0.336005809731,0.0,0.667564690113,0.990647912025,0.0379652262026,0.667150811422,0.903628200839
444150609667559424.jpg,0.987843137255,0.991747655584,0.995652173913,0.0,0.568458557129,1.46732807159,0.0316007107547,0.568554641956,1.36786563728
444282166210359296.jpg,0.316470588235,0.328191721133,0.336005809731,0.0,0.834651887417,1.51996743679,0.0086515837315,0.834027977558,1.30556119701
444097143083528192.jpg,0.267935409458,0.418082788671,0.53198769704,0.0,0.797091126442,1.58721494675,0.0349059473668,0.798520357471,1.37836238418
448655926094876672.jpg,0.699746396982,0.733626110802,0.758384363209,0.0230284929276,0.710657656193,1.55065977573,0.106077508591,0.710485406787,1.43808589961
443611783584940032.jpg,0.687142113483,0.687142113483,0.687142113483,0.362499952316,1.12326025963,2.21313548088,0.720759959838,1.1230141908,1.49151215461
444090055343505408.jpg,0.390509144834,0.648245180425,0.909886307464,0.0,0.69085931778,1.42833948135,0.121994994515,0.690673697806,1.39635449063
444071211144724480.jpg,0.601684822077,0.679825708061,0.785315904139,0.282238066196,0.754059553146,1.28725576401,0.316637862393,0.753576405637,1.19660460895
1106484994832665683_1478869930.jpg,0.121271393643,0.133007334963,0.140831295844,0.0,0.624668717384,1.2523008585,-0.00966243007068,0.624676963925,1.09133215791
445069689580818432.jpg,0.214887436456,0.256562575648,0.300842411038,0.0,0.929288983345,2.05946969986,0.110196300504,0.928714808967,1.66998430152
1106573759246985645_522943033.jpg,0.238630806846,0.243846780766,0.250366748166,0.600441336632,0.95116186142,1.43015241623,0.822881200093,0.951140967888,1.09063605545
442675256726024192.jpg,0.0,0.0,0.0,0.0,1.07680416107,1.9636015892,0.160713040688,1.07699834647,1.61335853631
442926471888121856.jpg,0.637290552585,0.695579322638,0.738324420677,0.0,0.923166155815,1.50239574909,0.209866842694,0.922861985687,1.23152731114
443948902790623232.jpg,0.0,0.0,0.0,0.629972815514,1.07701361179,2.21917533875,0.88188487411,1.07679028076,1.78954928945
444466944536616960.jpg,0.997942386831,0.997942386831,0.997942386831,0.0,0.844784915447,1.83299064636,-1.47716719167e-10,0.845161418466,1.40496957988
442673321952301056.jpg,0.0,0.0297920380273,0.0854901960784,0.0,1.05855357647,1.73677325249,0.102471045861,1.0596252248,1.58776741697
446069228286652416.jpg,0.453217138707,0.518334543694,0.554800290487,0.177570283413,0.694196999073,1.34040784836,0.211287604022,0.69343482805,1.55366230836
449959754710802432.jpg,0.0,0.0794432340838,0.14846768337,0.0401900410652,1.0321007967,1.57089304924,0.140351713909,1.03230178412,1.46793971272
442967118129008640.jpg,0.0232987312572,0.0698961937716,0.147558631296,0.0,1.13150298595,2.03367209435,0.189464424492,1.13258745119,1.80997976844
1105569287899005894_1527029943.jpg,0.997555012225,0.997555012225,0.997555012225,0.0,0.337711781263,1.02381134033,-3.83174973232e-15,0.337723711509,0.988897120774
446404623713062913.jpg,0.0,0.312074303406,0.481596147231,0.0,1.19795835018,1.5896191597,0.856889356701,1.19719128039,1.49929809638
449817446384283648.jpg,0.968137254902,0.968137254902,0.968137254902,0.0,0.834781289101,1.85171723366,0.0700092881607,0.83649523456,1.54173206789
444096926045044737.jpg,0.457124183007,0.543079157589,0.613405954975,0.232450664043,0.940671980381,1.7276828289,0.470847382983,0.940631902289,1.4698293061
444116846938034177.jpg,0.327812678469,0.582778095057,0.854654483152,0.0,1.06168866158,1.76521253586,0.0656317565993,1.06130498825,1.47463787251
445508129824862208.jpg,0.907276688453,0.947687000726,0.969847494553,0.0,0.312566131353,1.40959131718,-0.0311311816473,0.312180867033,1.56472148774
448398445745692674.jpg,0.964591503268,0.973703703704,0.980212418301,0.0,0.308638185263,1.92627882957,0.00127420834317,0.306020444672,1.39080975566
444062336651776001.jpg,0.480553116769,0.673295288265,0.820456540825,0.0,0.98536491394,1.47436499596,0.28332765243,0.984804267454,1.29226926178
1098821137217240937_1624175398.jpg,0.997555012225,0.997555012225,0.997555012225,0.0,0.529888212681,2.111140728,-0.00281424508503,0.530026360291,1.44453565807
444069531657306112.jpg,0.0,0.0,0.0,0.0,0.606500566006,1.89879083633,0.153568940266,0.606562271284,1.43602976135
440053051915657216.jpg,0.996710526316,0.996710526316,0.996710526316,0.0,0.828690230846,1.35394430161,0.000397019703137,0.827730138068,1.23864803287
444183778819178496.jpg,0.0,0.0180598555212,0.0270897832817,0.0,0.752316057682,2.13181066513,0.0726812135514,0.755945775791,1.75815477315
449355667803889665.jpg,0.957225853304,0.979365771,0.992389251997,0.0,0.75187754631,1.27568149567,-0.00370768586301,0.751060596551,1.12930183696
448437699943231489.jpg,0.964591503268,0.973703703704,0.980212418301,0.0,0.308638185263,1.92627882957,0.00127420834317,0.306020444672,1.39080975566
440097070699929600.jpg,0.0,0.0245098039216,0.0735294117647,0.0,0.729295492172,1.6174942255,0.202440864636,0.730818964643,1.1906099467
441913973378527232.jpg,0.00782679738562,0.0156535947712,0.0273937908497,0.229188144207,1.11427676678,1.34357511997,0.820439303757,1.11435378034,1.17535215703
444279736647184384.jpg,0.982142857143,0.982142857143,0.982142857143,0.0,0.255534142256,1.3547950983,-0.0140352846485,0.255937934916,1.3782732304
443951714844962817.jpg,0.558707334786,0.606894214476,0.648569353667,0.0,0.758617699146,1.34428167343,0.0807569896956,0.758107237121,1.09009608009
443978037139222529.jpg,0.0,0.0,0.0,0.163825392723,0.956438183784,1.4122647047,0.477287591034,0.956058458413,1.28997063043
450145384392691712.jpg,0.45342019544,0.496416938111,0.523778501629,0.0,0.978122651577,2.36665034294,0.240273798169,0.978180906254,1.46305088381
444283909799288835.jpg,0.0,0.0,0.0,0.0,0.805006921291,1.43473482132,0.181780049989,0.804712312915,1.15897167866
444833559539240960.jpg,0.934651416122,0.954204793028,0.98940087146,0.0,0.476595908403,1.78616404533,7.09153224752e-11,0.476881166433,1.4654956021
444635508786749440.jpg,0.605591866376,0.664197530864,0.765780682643,0.0,0.698828995228,1.39598333836,0.00477866510608,0.698267651574,1.28794674932
442605652616024066.jpg,0.962026143791,0.971151053014,0.985490196078,0.0,0.607406198978,1.74114513397,0.00393978188692,0.608332006591,1.45718958553
443342190727544832.jpg,0.930740740741,0.95941902687,0.985490196078,0.0,0.334878444672,1.09250891209,-0.0119736280859,0.334712858681,1.02058409633
443694198907105281.jpg,0.485390234525,0.507394591824,0.528104575163,0.0,0.808136224747,1.33197450638,-0.00832768600716,0.808000830207,1.20135845497
444095174902169600.jpg,0.480553116769,0.673295288265,0.820456540825,0.0,0.988908052444,1.46437430382,0.290206397116,0.988354825105,1.27290153395
1093289545833025928_1825055419.jpg,0.164303178484,0.166911165444,0.172127139364,0.0,0.658156633377,1.4347281456,0.0863344832152,0.658281316552,1.04351134159
444444816986742784.jpg,0.238717320261,0.288287037037,0.324812091503,0.0,0.747904241085,1.36767363548,0.160506737676,0.747845032917,1.28850220765
444035511317831680.jpg,0.0900287387682,0.135695490317,0.191800356506,0.602507650852,1.08731591702,2.01137065887,0.927132795815,1.08724704929,1.67857649616
444241711808528384.jpg,0.984117647059,0.991928104575,0.995833333333,0.0,0.312341123819,2.0258641243,0.00124906249032,0.309855622811,1.61636261873
449965655819698176.jpg,0.941568627451,0.946692810458,0.949254901961,0.0,0.866809904575,1.26985061169,-0.0427326418561,0.865865153616,1.24093843885
444450415153643520.jpg,0.944686184976,0.960300832662,0.991530128033,0.0,0.650062203407,1.59945774078,0.19034841578,0.65033414345,1.41525746686
444084048424488960.jpg,0.962026143791,0.971151053014,0.985490196078,0.0,0.465857088566,1.76796483994,-7.19446083619e-15,0.466252926488,1.42546671726
446161981364371456.jpg,0.0820479302832,0.136746550472,0.171909949165,0.0,0.758183181286,1.29965221882,-0.0311653059155,0.758192168482,1.30212295219
444078265372667904.jpg,0.679844290657,0.790546905037,0.953344867359,0.0,0.938712596893,1.54229390621,0.223583443354,0.938796157963,1.59696816896
443973774069608448.jpg,0.456540825285,0.702370500439,0.831138425519,0.321683108807,0.922085046768,2.20401287079,0.428766699081,0.92133473655,1.39753122298
443367688094502912.jpg,0.609650134564,0.749442522107,0.819338715879,0.0,0.802100419998,1.78104448318,0.121660291829,0.802716480348,1.20494941143
444870294226731008.jpg,0.54332247557,0.569381107492,0.586319218241,0.0,0.677724480629,1.37176918983,0.00597478656791,0.677658896619,1.44097497877
444831884497805312.jpg,0.0,0.0117211328976,0.019535221496,0.726930260658,1.13961195946,1.41208469868,1.09158837061,1.13974191263,1.40684358268
443996657428873216.jpg,0.0,0.00260849084378,0.00782547253135,0.615344941616,1.07925391197,2.17366743088,0.936374692259,1.07906051944,1.70366700747
442814406729015296.jpg,0.996453900709,0.996453900709,0.996453900709,0.0,0.588910281658,1.80773472786,-0.0277002842946,0.589581916171,1.45358264187
444735304537083904.jpg,0.902527233115,0.914248366013,0.922062454611,0.0,0.738718688488,1.19981610775,-0.00148228876397,0.738360765932,1.07966823549
444338756275822592.jpg,0.938562091503,0.950294117647,0.965936819172,0.0,0.594052016735,1.37526929379,-0.00176935640493,0.593660377848,1.26342708952
445110884197609472.jpg,0.0,0.00391061452514,0.00782122905028,0.60697799921,1.10016930103,1.92963266373,0.807530725183,1.10020182404,1.53505984987
444132780100694016.jpg,0.116493656286,0.129437395873,0.143675509419,0.0,0.823959171772,1.96929979324,0.240995097971,0.824792375934,1.44501303886
1104865363126761220_2143234972.jpg,0.978546712803,0.978546712803,0.978546712803,0.0,0.510688245296,1.69589042664,-0.000732256847134,0.510447266477,1.15835149473
445435942078128128.jpg,0.0310649750096,0.411610918877,0.784390618993,0.0,1.03701412678,1.68721342087,0.560670943118,1.03697746327,1.48089863689
444691465919135744.jpg,0.0664814814815,0.099070442992,0.121230936819,0.0,0.829564511776,1.33193337917,0.197434085436,0.829390373864,1.04735120768
449818155628498945.jpg,0.53853059296,0.632805732735,0.709000708717,0.126232385635,0.824830830097,1.57519137859,0.412332172804,0.826352895116,1.22980472747
443363178127179777.jpg,0.609650134564,0.749442522107,0.819338715879,0.0,0.802100419998,1.78104448318,0.121660291829,0.802716480348,1.20494941143
445057832841277441.jpg,0.930857648099,0.930857648099,0.930857648099,0.0,0.97467815876,1.43336009979,-0.00483933668818,0.97409253946,1.22690378996
445753885886406656.jpg,0.383061889251,0.411726384365,0.441693811075,0.0,0.67808842659,1.80264663696,-0.142085877585,0.67826634965,1.31072184803
442699493729792000.jpg,0.484942250873,0.526657713314,0.563158742949,0.0,0.326960474253,1.31892573833,-0.00813222940143,0.326828090661,1.20215402601
444123876113403904.jpg,0.997752808989,0.997752808989,0.997752808989,0.0,0.756506025791,1.93348741531,0.0105490782918,0.757463767911,1.61292992529
442639152371097600.jpg,0.0,0.00651174049867,0.0156281771968,0.0,0.946503281593,2.08608150482,0.423000041225,0.946639639989,1.59358022506
444071516125151232.jpg,0.954861944778,0.963918900894,0.978151260504,0.0,0.505207896233,1.4068249464,0.000166522966824,0.506819590443,1.39666547199
449361321327218688.jpg,0.27688453159,0.352280319535,0.409477124183,0.15018671751,0.927844464779,1.24353015423,0.11514462958,0.927848557443,1.2541877902
444321930225537024.jpg,0.929185185185,0.952610021786,0.976034858388,0.0,0.514792025089,2.04165649414,0.0100664708622,0.515300508846,1.63329113343
444115961285582850.jpg,0.997752808989,0.997752808989,0.997752808989,0.0,0.756506025791,1.93348741531,0.0105490782918,0.757463767911,1.61292992529
444084689150545920.jpg,0.261771968046,0.286516581941,0.320377632534,0.0,0.691986143589,1.72043061256,-0.0218233415466,0.691412081534,1.2885957872
447259446125686784.jpg,0.601684822077,0.772292423142,0.957225853304,0.0,0.85129481554,1.36774349213,0.0181818297867,0.851370938994,1.15507518268
444049419134980096.jpg,0.0,0.0,0.0,0.047100931406,1.01466524601,1.60495197773,0.328704636446,1.01472443599,1.18390100052
1101233810139998528_1339110729.jpg,0.891931540342,0.911491442543,0.942787286064,0.0,0.543925404549,1.46558642387,0.0739049421933,0.544143808662,1.00866441465
442461418814599168.jpg,0.863456790123,0.868666182522,0.875177923021,0.0,0.681140184402,1.58820652962,-0.00614736526443,0.680309708749,1.35690101917
444377685167333377.jpg,0.436553773024,0.462539116657,0.510612002377,0.0,0.696611821651,1.53637182713,0.295986954944,0.696670159888,1.06948590497
442691661408120832.jpg,0.178623606305,0.236870434448,0.279584775087,0.0,1.08241939545,2.08444523811,0.370535149966,1.08316210402,1.59836407655
444334255183646721.jpg,0.997222222222,0.997222222222,0.997222222222,0.0,0.520297825336,1.84548997879,-1.03038782176e-09,0.520143308198,1.22600629685
444666774127009792.jpg,0.0,0.00259985475672,0.00779956427015,0.196425020695,1.08743786812,1.76751279831,0.452588526212,1.08746275725,1.44610310279
448129224553930752.jpg,0.631951871658,0.712076648841,0.814171122995,0.188372313976,0.925458014011,1.46619987488,0.477576350176,0.925909969796,1.3941267427
442699166150438913.jpg,0.226638655462,0.253991596639,0.27743697479,0.0,0.339738816023,1.62274587154,-0.025833046788,0.339584904152,1.5235813089
442868093421756416.jpg,0.136007130125,0.180047534165,0.256470588235,0.0,1.03217697144,2.00109577179,0.148307637477,1.03331283935,1.59580968149
449061061417635841.jpg,0.0,0.0,0.0,0.0,0.941101193428,1.4507958889,0.0873110447258,0.93998394351,1.22742050726
444324282160525312.jpg,0.962026143791,0.971151053014,0.985490196078,0.0,0.465857088566,1.76796483994,-7.19446083619e-15,0.466252926488,1.42546671726
444153371092480000.jpg,0.997435897436,0.997435897436,0.997435897436,0.0,0.752846062183,1.81289386749,0.0159012764052,0.753850285868,1.56652940397
442848671634190336.jpg,0.0,0.00651174049867,0.0156281771968,0.0,0.946503281593,2.08608150482,0.423000041225,0.946639639989,1.59358022506
444455725213814786.jpg,0.234640522876,0.307639796659,0.367603485839,0.0,0.94303560257,1.76717400551,0.115733277022,0.943886046823,1.31259666544
1119192693279509176_2257212257.jpg,0.758924205379,0.769356153219,0.78239608802,0.0,0.398550957441,1.02742135525,-0.0153610305773,0.398175364977,0.928697936363
444134175910555648.jpg,0.546114742193,0.703447798873,0.994708994709,0.0,0.710241794586,1.77675056458,0.0369534008234,0.70929479612,1.19617799478
442989947490811904.jpg,0.837029893925,0.871745419479,0.894889103182,0.0,0.908964753151,1.43076050282,0.300948942656,0.907417928138,1.26919180063
444388148618211328.jpg,0.0,0.00259985475672,0.00779956427015,0.0,1.08187258244,1.98095107079,0.355372466265,1.08177675035,1.5992668904
443789971418136576.jpg,0.109518716578,0.136898395722,0.152543926662,0.0,0.680210769176,1.55467021465,0.0224434480576,0.680285635853,1.36678643147
440004452183846913.jpg,0.73452432825,0.826991043331,0.882992011619,0.0,0.819777846336,1.21262085438,-0.0192986079542,0.819493252058,1.11929686664
447562706913345537.jpg,0.0,0.0,0.0,0.582931816578,1.08541715145,1.6244956255,0.969348648022,1.08542162662,1.13786169575
440061826890334208.jpg,0.14456063907,0.169305252965,0.207073347858,0.0,0.922700464725,1.79479503632,0.163632704968,0.923050719807,1.43774132555
442894005664092160.jpg,0.0,0.0,0.0,0.0,1.00652194023,1.98229026794,0.2733869404,1.00663841443,1.63792086486
444063381868118016.jpg,0.997222222222,0.997222222222,0.997222222222,0.0,0.46386796236,1.77697110176,-3.26990260768e-11,0.464340811258,1.51069765495
444098024537460736.jpg,0.0978573247481,0.125257375678,0.176143184547,0.613759338856,1.08915257454,1.97111701965,0.947226979368,1.08916248518,1.70441993036
444423785014231040.jpg,0.234640522876,0.307639796659,0.367603485839,0.0,0.94303560257,1.76717400551,0.115733277022,0.943886046823,1.31259666544
439591906733879296.jpg,0.613110181311,0.637842863784,0.652161785216,0.0,0.633388459682,1.59668278694,0.0117788166323,0.632572559392,1.22820287304
445205983099232257.jpg,0.275469336671,0.30780141844,0.341426783479,0.0,0.944739639759,1.52625250816,0.237501150237,0.944054085341,1.16133047459
444972236844175360.jpg,0.234640522876,0.307639796659,0.367603485839,0.0,0.94303560257,1.76717400551,0.115733277022,0.943886046823,1.31259666544
444101279241891840.jpg,0.68013029316,0.691856677524,0.711400651466,0.0660583972931,0.680677771568,1.26090621948,0.144001434212,0.68021234506,1.29527973408
439592551322898432.jpg,0.445188284519,0.481636448164,0.499860529986,0.0420831739902,0.604054689407,1.62597036362,0.194822891261,0.603836506368,1.14340934857
449493526393274369.jpg,0.0625127087872,0.083350278383,0.105490196078,0.0,0.621758282185,1.27880978584,0.127228132814,0.621907228268,1.15416078324
444618704240668672.jpg,0.0,0.132839506173,0.328191721133,0.834181427956,1.15330386162,1.50109040737,0.86552002182,1.15341588733,1.45979723643
444525880585363456.jpg,0.0,0.0,0.0,0.00757378339767,1.0842654705,2.05707073212,0.355453015864,1.084187481,1.57351322217
444668997028827137.jpg,0.0,0.0,0.0,0.0,1.05472803116,1.69039702415,0.576932114097,1.05487426655,1.17165831241
443945638967787520.jpg,0.837467320261,0.903995098039,0.962696078431,0.0299932956696,0.846846163273,1.55465185642,0.152956947586,0.846072590327,1.34036939619
444114191905857536.jpg,0.962026143791,0.971151053014,0.985490196078,0.0,0.465502262115,1.76589655876,-6.6539541594e-15,0.465895031872,1.42635468159
444105160625643521.jpg,0.0230492196879,0.0409763905562,0.0576230492197,0.718840360641,1.3448112011,1.78123092651,1.08688419067,1.34589471957,1.67993445153
443977428151435264.jpg,0.0,0.0,0.0,0.163825392723,0.956438183784,1.4122647047,0.477287591034,0.956058458413,1.28997063043
444789903109267456.jpg,0.644662309368,0.658988138465,0.675918663762,0.147908210754,0.757631182671,1.52820420265,0.187602558373,0.756879380916,1.32665828282
439592977464168449.jpg,0.52719665272,0.538912133891,0.546722454672,0.0,0.700501203537,1.59045243263,0.118651112523,0.699861908956,1.14663364032
442636965330964480.jpg,0.0,0.00651174049867,0.0156281771968,0.0,0.946503281593,2.08608150482,0.423000041225,0.946639639989,1.59358022506
442975757921296384.jpg,0.117330803289,0.117330803289,0.117330803289,0.0,0.328077495098,1.3263926506,-4.50098913696e-07,0.329177903075,1.13738940346
448813726465282048.jpg,0.849407415462,0.849407415462,0.849407415462,0.0,0.391270279884,1.43627035618,-0.0166350240225,0.39118400248,1.33967602773
1103314601530981862_363284190.jpg,0.367726161369,0.370334148329,0.375550122249,0.0,0.729088425636,1.12539422512,0.00664905696056,0.729120280397,1.03634435644
1327546027515623779_576560997.jpg,0.997555012225,0.997555012225,0.997555012225,0.0,0.144012272358,0.885442852974,-0.0518201777307,0.144232341155,0.768380564591
444141423202275328.jpg,0.0,0.0,0.0,0.19058829546,1.09383141994,1.90009355545,0.457072011154,1.09384645537,1.47670340388
444324777126137856.jpg,0.0741334917806,0.0793358420809,0.0819370172311,0.0,0.932264447212,1.68531870842,0.386658318597,0.932497939735,1.41454459868
441292806288855040.jpg,0.952102233928,0.956004292264,0.9599063506,0.0,0.567833840847,1.38736748695,-0.0156406316806,0.567473880726,1.218278558
444674441750929409.jpg,0.0861394949216,0.0952755019587,0.109632084446,0.0,0.135256320238,1.60073685646,-0.0189625827816,0.135494273756,1.39738447444
444044419637854208.jpg,0.0742358708189,0.119819300269,0.175821799308,0.730719327927,1.10073435307,1.92109084129,0.954967366702,1.10063480528,1.58521720403
442891943035404288.jpg,0.0,0.0,0.0,0.0,0.851675570011,2.00971269608,0.135332753006,0.852164987813,1.49981586555
1106469227813978711_1172009143.jpg,0.688508557457,0.695028524857,0.704156479218,0.0,0.629787623882,0.981246709824,0.0176443379376,0.629543549222,0.974848515191
444686199341334528.jpg,0.0312703583062,0.106840390879,0.187622149837,0.103002488613,0.667631149292,1.54417788982,0.146239319067,0.667623074529,1.39766698099
444137611838226433.jpg,0.0,0.132631578947,0.300371517028,0.0,0.484148323536,1.53748583794,-4.18914420561e-13,0.486176057574,1.71377767302
442636889179189248.jpg,0.0,0.00651174049867,0.0156281771968,0.0,0.946503281593,2.08608150482,0.423000041225,0.946639639989,1.59358022506
444407787401908224.jpg,0.0469239844935,0.0469239844935,0.0469239844935,0.0,0.747601211071,2.56675291061,-0.0952603183773,0.74782715951,2.3026297798
442921349795688448.jpg,0.987934918648,0.993141426783,0.995744680851,0.0,0.363060802221,2.25548195839,-0.00715095681553,0.364038082718,1.6274683013
448629215420620800.jpg,0.997076023392,0.997076023392,0.997076023392,0.0,0.749479055405,1.71930003166,0.0369495011717,0.751287403699,1.31322536785
444478236169232384.jpg,0.996721311475,0.996721311475,0.996721311475,0.0,0.933808505535,1.73837804794,0.0245379366902,0.933367659714,1.61832911826
444027020721147906.jpg,0.579419975695,0.661634972247,0.712529970112,0.0,0.684129059315,1.46333384514,-0.00906783304106,0.684013799149,1.37361670639
443952312386457600.jpg,0.324586056645,0.349353667393,0.387156862745,0.11019217968,0.726669311523,1.29421305656,0.247610185435,0.726726122475,1.21609490282
444767925342183424.jpg,0.0,0.0,0.0,0.0,0.892952919006,2.02762174606,0.411999218018,0.894949672669,1.34811752272
1097005383115528144_451974788.jpg,0.862898550725,0.879818130151,0.894134697357,0.0,0.208887293935,1.35997796059,-0.0387698782853,0.208737526218,1.12523092705
444106930999406595.jpg,0.0,0.101294373959,0.214276560297,0.0,0.599040091038,1.6034566164,0.0212653423791,0.599795970164,1.47350476891
442151194182443008.jpg,0.972009803922,0.972009803922,0.972009803922,0.0,0.65225815773,1.72408080101,-0.0463175205604,0.655773220181,1.9162098368
444072056020156416.jpg,0.954861944778,0.963918900894,0.978151260504,0.0,0.505207896233,1.4068249464,0.000166522966824,0.506819590443,1.39666547199
439592141723942912.jpg,0.664215686275,0.698077662438,0.718915801615,0.0,0.80686378479,1.8598985672,0.060294338192,0.805742050941,1.77031831828
444435020187308032.jpg,0.0,0.00259985475672,0.00779956427015,0.0,1.09099578857,2.1327290535,0.205943283236,1.09085198367,1.65214940542
444364819701825536.jpg,0.0,0.0413071895425,0.104558823529,0.143792808056,0.833765745163,1.60515081882,0.386043754243,0.833952660381,1.24583489376
444311958813016064.jpg,0.771237391391,0.771237391391,0.771237391391,0.0,0.375942826271,1.52627670765,-0.0142788921384,0.376701597555,1.43230385899
443576095514693632.jpg,0.636436487639,0.734049445865,0.804330775789,0.314743101597,0.86485427618,1.35380578041,0.34217124416,0.865388423755,1.29064075187
440009266959622145.jpg,0.320510835913,0.478160474716,0.633204334365,0.0,1.01975011826,1.61494421959,0.256754740036,1.01965600758,1.41560650664
444630704970674176.jpg,0.92987654321,0.954621157105,0.992389251997,0.0,0.656971335411,1.48491716385,0.0235017436766,0.655429922676,1.11578216182
444094420774690816.jpg,0.520235294118,0.533176470588,0.543529411765,0.162176311016,0.603528916836,1.28646814823,0.365996795793,0.602908316641,0.84203270997
440278360124452864.jpg,0.652476397967,0.673313967562,0.707175018155,0.0,0.670190751553,1.68729734421,0.0232875685246,0.66941851549,1.44077087714
444064459389034496.jpg,0.553246753247,0.650649350649,0.837662337662,0.672826766968,1.50757312775,1.84821414948,1.09402604851,1.50809525002,1.57818136708
444845419969781760.jpg,0.997942386831,0.997942386831,0.997942386831,0.0,0.831640958786,1.89935231209,-2.2765822197e-10,0.832006616114,1.34459316571
447953686002536448.jpg,0.962026143791,0.971151053014,0.985490196078,0.0,0.465857088566,1.76796483994,-7.19446083619e-15,0.466252926488,1.42546671726
444287915447697409.jpg,0.0,0.0,0.0,0.0,1.02858269215,1.91803383827,0.297742323401,1.02796489982,1.63730755055
444028226810036225.jpg,0.652476397967,0.68503510046,0.714989106754,0.200661122799,0.938784360886,1.60829901695,0.314621310867,0.937905844619,1.30822076514
442928189426262017.jpg,0.987934918648,0.993141426783,0.995744680851,0.0,0.363060802221,2.25548195839,-0.00715095681553,0.364038082718,1.6274683013
444068181850988544.jpg,0.621025277581,0.64055437436,0.667895109851,0.192293822765,0.526628255844,0.968800067902,0.260975090111,0.526326693705,0.954849860269
439646470027759616.jpg,0.0781018289669,0.208271543912,0.281166584281,0.0,0.561957597733,1.44941174984,-0.02907423718,0.562017047588,1.44236024294
445334171225817088.jpg,0.997084548105,0.997084548105,0.997084548105,0.0,0.311876177788,1.67443656921,-0.00306702958503,0.312263888774,1.77792418772
442812267520729088.jpg,0.249360613811,0.273657289003,0.299232736573,0.0,0.835989415646,1.50865447521,0.409610297753,0.835268944929,1.08963202245
440791579951775744.jpg,0.0273937908497,0.288287037037,0.465694444444,0.0,0.907290697098,1.84206914902,-0.0499193684823,0.907330599609,1.62345045805
442171132196577280.jpg,0.0,0.00644994840041,0.0193498452012,0.0,0.653558015823,1.80991697311,0.0136677081351,0.656529302901,1.33328706443
1110893498277125695_2098271622.jpg,0.136919315403,0.136919315403,0.136919315403,0.0,0.626074969769,1.25431418419,-0.013596078571,0.626076432599,1.07899136002
444061701403463680.jpg,0.472752360203,0.566521423384,0.617312999274,0.0,0.656058251858,1.67504024506,-0.00955170433797,0.655763496702,1.2545931226
444115454861144064.jpg,0.962026143791,0.971151053014,0.985490196078,0.0,0.465857088566,1.76796483994,-7.19446083619e-15,0.466252926488,1.42546671726
445109209101656064.jpg,0.0,0.0182410423453,0.0273615635179,0.0,0.941626310349,1.54421460629,0.127716748552,0.941520076681,1.75988050162
442201403562668032.jpg,0.168315177923,0.373163882837,0.575403050109,0.0,0.574320733547,1.40636229515,-0.0537246944947,0.574173074865,1.30070339367
444344442950926336.jpg,0.0900287387682,0.135695490317,0.191800356506,0.602507650852,1.08731591702,2.01137065887,0.927132795815,1.08724704929,1.67857649616
444307261821706240.jpg,0.0,0.0,0.0,0.0,0.897406578064,1.34672355652,0.050465916809,0.897420490678,1.1449224571
443899440068165633.jpg,0.0,0.0,0.0,0.506599545479,1.13670063019,1.77243328094,0.920664943773,1.13663903894,1.30015454261
440529138563039233.jpg,0.485261437909,0.605272331155,0.712238562091,0.0,1.01150357723,1.75389909744,0.204557581885,1.01142309832,1.78677931217
1103308153875863180_2250211028.jpg,0.995652173913,0.995652173913,0.995652173913,0.0,0.266723632812,1.43284332752,-5.09782159899e-15,0.267131358918,1.38236920228
443980602480406529.jpg,0.269421906694,0.286342123056,0.300659229209,0.0,0.779575049877,1.52197909355,0.246514097557,0.779757208045,1.28609933317
444407950233190400.jpg,0.441977209732,0.457622420696,0.485001539883,0.275027036667,0.860032021999,1.75383996964,0.475898138393,0.860299766244,1.29926644131
442502583400161280.jpg,0.425867828613,0.485775841201,0.523543936093,0.0721437036991,0.787329912186,1.34568941593,0.163425446041,0.786617755485,1.23008827124
440039229347737600.jpg,0.0427777777778,0.169814814815,0.311111111111,0.0,0.693081498146,1.16989457607,0.000577827150443,0.692820615526,1.1441292711
443288610247163904.jpg,0.491671520093,0.545000970685,0.59702970297,0.0412365794182,0.500353693962,1.11015045643,0.00554995983597,0.500350971505,1.10883488645
439694746647158784.jpg,0.332089552239,0.3594381036,0.375065847234,0.411578655243,0.679341733456,1.36345052719,0.432006003911,0.679342156015,1.29483939795
444071158921433089.jpg,0.998435054773,0.998435054773,0.998435054773,0.0,0.328707426786,1.55920612812,-0.000714239148124,0.3290694017,1.34670522864
1109387042389321599_2251125600.jpg,0.195599022005,0.211246943765,0.219070904645,0.0,0.619540214539,1.37015545368,0.0642661598842,0.619550029972,1.09896993319
444100041746034688.jpg,0.0,0.00651218062983,0.0195365418895,0.718317389488,1.08026993275,2.01213741302,0.88222118085,1.07999440702,1.51769014928
443956765357400064.jpg,0.551405228758,0.745635439361,0.844705882353,0.0,0.727615833282,1.69216775894,0.00664852304373,0.728001475766,1.27529182238
444063469348737026.jpg,0.954861944778,0.963918900894,0.978151260504,0.0,0.505207896233,1.4068249464,0.000166522966824,0.506819590443,1.39666547199
444457222416769025.jpg,0.156533892383,0.169578383415,0.18392732355,0.0,0.904669284821,1.77090454102,0.0364958257344,0.90479463794,1.40981149489
444139814833516545.jpg,0.997752808989,0.997752808989,0.997752808989,0.0,0.756506025791,1.93348741531,0.0105490782918,0.757463767911,1.61292992529
444453405415575552.jpg,0.0194989106754,0.0571968046478,0.101394335512,0.532296657562,1.54541289806,2.20473027229,0.963894542159,1.5443354109,2.13040629073
444288143957565440.jpg,0.367859477124,0.538744553377,0.688758169935,0.0,0.805318593979,1.83424091339,0.0429768147814,0.805612220436,1.48871502585
444071370272415744.jpg,0.955031114242,0.966725372784,0.986215803687,0.0,0.679840922356,1.38892352581,0.0138866119516,0.68163008013,1.28793925365
1106188020424850929_1476178534.jpg,0.997555012225,0.997555012225,0.997555012225,0.0,0.529887795448,1.36641681194,-1.18519330895e-10,0.530015102934,1.09864005682
440992640394211329.jpg,0.699674267101,0.717915309446,0.742671009772,0.0,0.725192904472,1.77962756157,-0.0164181484841,0.72453930559,1.3349705911
442852660933566464.jpg,0.72614379085,0.821927463796,0.88923490965,0.0,0.501914799213,1.21869754791,-0.0227444487039,0.50186715628,1.24028524852
444695176712167424.jpg,0.281467822239,0.308832749401,0.355744053107,0.0,0.401037842035,2.02432918549,-0.000275569844399,0.40149973684,1.95063035259
448617086042902528.jpg,0.69507881584,0.759797513777,0.819338715879,0.0,0.631018280983,1.57046926022,0.203865029445,0.630045298337,1.28931183315
1093172495419687725_1509078567.jpg,0.995652173913,0.995652173913,0.995652173913,0.0,0.332869768143,1.64046645164,-0.0637158995099,0.333345658386,1.47776410132
1102533444141948208_1505076126.jpg,0.997555012225,0.997555012225,0.997555012225,0.0,0.0995367318392,1.01079726219,-0.059230438868,0.0997201795594,0.881848516413
443985365431373825.jpg,0.508785822021,0.65637254902,0.761236802413,0.0227385759354,0.716368257999,1.58732450008,0.271805232669,0.715531709078,1.28246336895
1094624879393908487_1433806288.jpg,0.551589242054,0.555501222494,0.559413202934,0.0,0.750309884548,1.62181699276,0.27130013693,0.749874401934,1.07982450634
444470635465428992.jpg,0.997942386831,0.997942386831,0.997942386831,0.0,0.831640958786,1.89935231209,-2.2765822197e-10,0.832006616114,1.34459316571
446073036471414784.jpg,0.410906862745,0.589618736383,0.739632352941,0.552302718163,0.835902094841,1.32655751705,0.580980102057,0.83563794667,1.31577475392
1101297609355973072_469932451.jpg,0.430317848411,0.435533822331,0.442053789731,0.0,1.0419011116,1.95610642433,0.640150692511,1.04189811264,1.35095992228
444470241133740032.jpg,0.997942386831,0.997942386831,0.997942386831,0.0,0.831640958786,1.89935231209,-2.2765822197e-10,0.832006616114,1.34459316571
444467156915216384.jpg,0.997942386831,0.997942386831,0.997942386831,0.0,0.844784915447,1.83299064636,-1.47716719167e-10,0.845161418466,1.40496957988
439592617706131456.jpg,0.726359832636,0.75760111576,0.792747559275,0.0,0.738044202328,1.65905761719,0.192672843882,0.738259894232,1.22671394667
444671244881776640.jpg,0.0,0.0349480968858,0.0893118031526,0.0241330564022,1.03326487541,1.43282055855,0.417997831824,1.03401641692,1.32762871277
442272321714147329.jpg,0.367262164125,0.419356088114,0.453217138707,0.0,0.763655662537,1.45764684677,0.0101564028858,0.763368768264,1.39052578969
443898994083643392.jpg,0.0,0.0142381135461,0.0427143406382,0.0,1.03249704838,2.17586064339,0.392961433795,1.03191638234,1.73609422918
443182965133037568.jpg,0.990196078431,0.990196078431,0.990196078431,0.0,0.421386361122,1.54876279831,-0.00415785437899,0.422130945313,1.33412089962
442497638303150080.jpg,0.316470588235,0.320377632534,0.324284676834,0.0,0.655142247677,1.4275316,-0.0230689913678,0.65486672159,1.0416979781
1078906518979440174_258762010.jpg,0.0,0.0039119804401,0.0078239608802,0.0,0.836103200912,1.57751166821,-0.014611428479,0.836375053611,1.24263682339
443978500740235264.jpg,0.0740766073871,0.0844733242134,0.0935704514364,0.0,1.14792883396,1.8048043251,0.378170171276,1.14824539548,1.71301710397
447364392397451265.jpg,0.441906318083,0.573565722585,0.735206971678,0.0,0.770812213421,1.45436811447,-0.0611613184299,0.771008216193,1.30366256109
442891628491968512.jpg,0.0,0.0,0.0,0.0,0.935400247574,1.95616316795,0.103322685752,0.935721904204,1.73294901624
445016371424813056.jpg,0.210900360144,0.233031879418,0.253861544618,0.444922983646,1.04602348804,1.50435304642,0.64717575907,1.04577783474,1.34979177827
444337782098370560.jpg,0.988888888889,0.988888888889,0.988888888889,0.0,0.1744158566,1.60362923145,-0.0290839775683,0.17454072467,2.03685553373
444106794567102465.jpg,0.53198769704,0.546225810586,0.563052672049,0.0,0.973266780376,1.66571116447,0.308259193786,0.972795671204,1.28095549713
444304251993341952.jpg,0.990196078431,0.990196078431,0.990196078431,0.0,0.395872652531,1.15248835087,2.1125432191e-05,0.397109848871,1.36715451915
444032069601984513.jpg,0.952875816993,0.952875816993,0.952875816993,0.0,0.608260571957,1.83221459389,-0.106170093254,0.607520106799,1.34220428519
448102410687246337.jpg,0.490613266583,0.630788485607,0.770963704631,0.0,0.654229342937,1.60716092587,0.068081907401,0.65413927395,1.44798049298
439592218454532096.jpg,0.316479238754,0.341224529027,0.371179354095,0.037024140358,0.607145309448,1.79481935501,0.160756064597,0.607249765673,1.15643575371
441857134116892672.jpg,0.0,0.00260469619947,0.0078140885984,0.0,0.922805845737,1.66949272156,0.0979604126406,0.922708428159,1.5952948858
441821315448586240.jpg,0.718896151053,0.83220043573,0.988482207698,0.110336661339,0.826171159744,1.80351686478,0.218598174419,0.825803942628,1.91328426985
444261547334856705.jpg,0.759199346405,0.867470043573,0.962696078431,0.140677392483,0.686639845371,1.33964180946,0.226472575035,0.686255331466,1.127396475
439932561800716288.jpg,0.039070442992,0.121118373275,0.171909949165,0.0,0.930193960667,1.67901277542,0.344136417133,0.930861803165,1.42622163079
444471308316065792.jpg,0.997942386831,0.997942386831,0.997942386831,0.0,0.831640958786,1.89935231209,-2.2765822197e-10,0.832006616114,1.34459316571
444068418312876032.jpg,0.954861944778,0.963918900894,0.978151260504,0.0,0.505207896233,1.4068249464,0.000166522966824,0.506819590443,1.39666547199
443270379683860480.jpg,0.574335511983,0.604289518276,0.656383442266,0.218248069286,0.699132204056,1.3000895977,0.256083939488,0.698101268113,1.18532654047
444019475679961088.jpg,0.105421994885,0.110628019324,0.113231031543,0.0,0.448946624994,2.12931394577,0.00221193883537,0.450302531919,1.53612558889
443971032605405184.jpg,0.0,0.0169101627579,0.0507304882737,0.0,0.948431491852,1.77052211761,0.048374258097,0.948647257423,1.5921290789
445143101858775040.jpg,0.0,0.00260469619947,0.0039070442992,0.0,0.956019163132,1.77940249443,0.29538287085,0.955988183188,1.43709954478
444153061326336001.jpg,0.0155324875048,0.0232987312572,0.0349480968858,0.0,1.29872274399,1.90644621849,0.42282051224,1.29895393296,1.69493639102
444468509150433280.jpg,0.84920751634,0.902690631808,0.935302287582,0.0,0.606220662594,1.20269441605,0.00889704399866,0.605958391885,1.21961847624
448598461156323328.jpg,0.477102396514,0.488834422658,0.49665577342,0.0,0.760288715363,2.56911230087,0.111791223866,0.760254896848,1.89393058602
442912363004452865.jpg,0.078140885984,0.149770031469,0.19535221496,0.0,0.922295510769,1.87142705917,0.26160990286,0.922947047037,1.29547752804
444008827403264001.jpg,0.699360929557,0.806153473735,0.875177923021,0.217090189457,0.734074473381,1.34220707417,0.2330119648,0.733199426808,1.25288765607
443351569195470848.jpg,0.937411764706,0.937411764706,0.937411764706,0.0,0.300058424473,1.62410736084,-0.0138842059155,0.300081440682,1.32842171332
444836170749329408.jpg,0.927426160338,0.965094729875,0.993670886076,0.0,0.617913365364,1.52997279167,-4.27737896897e-11,0.620095074234,1.39531468817
444472994883055616.jpg,0.997942386831,0.997942386831,0.997942386831,0.0,0.831640958786,1.89935231209,-2.2765822197e-10,0.832006616114,1.34459316571
448643630526234625.jpg,0.698082547936,0.739681507962,0.78388040299,0.088703751564,0.51754117012,0.989026069641,0.216030709584,0.516991313154,0.983660832064
444483396769574912.jpg,0.851016042781,0.898942364825,0.928734402852,0.0,0.522585630417,1.0574734211,0.00848767362014,0.521916082152,0.953589727441
445884063895650304.jpg,0.606276531231,0.69754396604,0.829229836264,0.0,0.671857178211,1.27914738655,0.049864006277,0.671720171147,1.25205787683
443625611131506689.jpg,0.213571703191,0.218749199026,0.22522106882,0.27577984333,0.979470968246,1.45756089687,0.649210206371,0.980047436106,1.18225714275
446471237481414656.jpg,0.270024509804,0.314376361656,0.387426470588,0.0,0.896056711674,1.4291973114,0.162688561757,0.896204359734,1.24681094914
449036484050309120.jpg,0.955935828877,0.971479500891,0.990909090909,0.687915086746,1.13269555569,2.42789411545,0.940404448673,1.13294540237,1.8921171446
444115599719796736.jpg,0.962026143791,0.971151053014,0.985490196078,0.0,0.465857088566,1.76796483994,-7.19446083619e-15,0.466252926488,1.42546671726
446434669161353218.jpg,0.653287197232,0.71161641127,0.76605701104,0.0,0.335450083017,1.23039400578,0.120410675571,0.334792607316,1.32495041257
445785006200193024.jpg,0.121118373275,0.140653594771,0.171909949165,0.0,0.824199199677,1.9859149456,0.0135593274772,0.824231605933,1.58683294471
444490599723319297.jpg,0.962026143791,0.971151053014,0.985490196078,0.0,0.464406132698,1.76819944382,-6.92765605891e-13,0.464787805634,1.42738088656
447350933056286720.jpg,0.703267973856,0.721500847252,0.738431372549,0.0,0.725550293922,1.35611593723,0.0692090003532,0.725083891522,1.31212440963
444380906891927552.jpg,0.84920751634,0.902690631808,0.935302287582,0.0,0.606220662594,1.20269441605,0.00889704399866,0.605958391885,1.21961847624
444082586621472768.jpg,0.0,0.0,0.0,0.629972815514,1.07701361179,2.21917533875,0.88188487411,1.07679028076,1.78954928945
442689378775621632.jpg,0.734438502674,0.753868092692,0.765525846702,0.0,0.400238156319,1.31497871876,0.0812792869373,0.400861658431,1.28000097779
444367721682444288.jpg,0.303511171911,0.463049095607,0.65760753914,0.0,0.482052385807,1.5591378212,0.00242556097402,0.483103533191,1.23991049618
444087459056340993.jpg,0.997222222222,0.997222222222,0.997222222222,0.0,0.469827502966,1.81546640396,-5.90984188563e-15,0.470382151477,1.61025707982
444467617470750721.jpg,0.997942386831,0.997942386831,0.997942386831,0.0,0.830974936485,1.90632748604,-2.48334631141e-10,0.831341377629,1.34982576461
444468633922572288.jpg,0.0,0.0,0.0,0.093907892704,0.838177680969,1.42743647099,0.283664384281,0.837696243961,1.14567989092
444681787982086144.jpg,0.950960009784,0.971831560067,0.997920997921,0.0,0.684611856937,1.5724272728,0.00162970357261,0.684318288316,1.20908866665
444298161381576704.jpg,0.896823529412,0.911058823529,0.920117647059,0.0,0.790143489838,1.37281286716,0.0485358283549,0.788999853168,1.29369819593
442895943415758849.jpg,0.0,0.0,0.0,0.0,1.00652194023,1.98229026794,0.2733869404,1.00663841443,1.63792086486
444052466288427008.jpg,0.990909090909,0.990909090909,0.990909090909,0.0,0.652156770229,1.57886397839,0.16224742115,0.653341718137,1.54749153712
444007160804937728.jpg,0.143675509419,0.187684224016,0.244636678201,0.0417922735214,0.868225574493,1.35489654541,0.24416768698,0.868978155121,1.32253953199
444128595535867904.jpg,0.995614035088,0.995614035088,0.995614035088,0.0,0.475693970919,1.58159446716,-5.85372818446e-15,0.476608977298,1.49958204792
440327155508326400.jpg,0.664197530864,0.681128056161,0.695453885258,0.0,0.364271432161,1.23358893394,-0.0241939904609,0.363848227126,1.18573365002
444296386469564416.jpg,0.214983713355,0.291856677524,0.34006514658,0.0,0.756717085838,1.69384717941,0.0740934729646,0.756721679657,1.45256392813
444652410930094080.jpg,0.450040849673,0.497001633987,0.567442810458,0.0,0.68804448843,1.818816185,-0.00696847993219,0.688009594226,1.33544967908
1324442701856556284_236581955.jpg,0.844987775061,0.863243683782,0.888019559902,0.0,0.486999958754,1.05717420578,-0.000146552991894,0.486640093275,0.983698901
444462987730894848.jpg,0.473191721133,0.49665577342,0.539673202614,0.0,0.638220489025,1.67826986313,0.150919959067,0.638398809773,1.36506911724
444073690372640768.jpg,0.920962566845,0.936506238859,0.963707664884,0.0,0.778727531433,1.5852265358,0.00916820221359,0.779822783762,1.46829527108
444059976563048448.jpg,0.0900287387682,0.135695490317,0.191800356506,0.602464437485,1.08707678318,2.01687574387,0.926894572251,1.08700687347,1.67604756991
442268487059116032.jpg,0.604309165527,0.627701778386,0.662790697674,0.123096644878,0.698234498501,1.38928592205,0.247584142106,0.697034327812,1.24543886895
440054292116811776.jpg,0.988903889425,0.994115504125,0.996721311475,0.0,0.904237627983,1.47004437447,0.0179070244376,0.903719603892,1.385728189
444508024162381824.jpg,0.856139705882,0.904354575163,0.938235294118,0.0,0.474435269833,1.64367055893,-0.00741767606789,0.473786474832,1.61306875546
444458475670630400.jpg,0.681407314699,0.757984517684,0.806007509387,0.0144170820713,0.823507249355,1.62352752686,0.218153248024,0.823609622136,1.36911381732
444114368691568640.jpg,0.997752808989,0.997752808989,0.997752808989,0.0,0.756506025791,1.93348741531,0.0105490782918,0.757463767911,1.61292992529
1098515838437735297_1451488629.jpg,0.0077662437524,0.0077662437524,0.0077662437524,0.0,0.93681126833,1.73679804802,0.262850881082,0.938029186575,1.26267706591
443751803134296065.jpg,0.955247981546,0.966897347174,0.974663590927,0.0,0.375144422054,0.985269546509,-0.0234512621048,0.374606156504,0.946069943705
449791290662993920.jpg,0.922062454611,0.93117889131,0.937690631808,0.0,0.630588531494,1.23414707184,0.0206509630801,0.630213846495,1.14506386002
444661148835532800.jpg,0.0,0.0,0.0,0.0,0.372639685869,1.48326528072,5.31903789829e-12,0.374674112144,1.29030928087
1327471935999095651_1482029794.jpg,0.997555012225,0.997555012225,0.997555012225,0.0,0.469699084759,1.90058851242,0.000295958108755,0.469961884722,1.30575717779
444460196799082496.jpg,0.0,0.00260392156863,0.00781176470588,0.0,0.496932804585,1.6327753067,0.0888906667184,0.497055868323,1.2761387824
444026132250107904.jpg,0.0,0.00260849084378,0.00782547253135,0.615344941616,1.07925391197,2.17366743088,0.936374692259,1.07906051944,1.70366700747
444495590773116928.jpg,0.00386215092097,0.19825708061,0.417112299465,0.0,0.517092049122,1.47889459133,-0.145173130119,0.517050998331,1.34513700619
444114723944947713.jpg,0.0,0.00649350649351,0.0155844155844,0.788519263268,1.10795068741,1.86548852921,0.960773633275,1.10777798752,1.3525200409
444664053638504449.jpg,0.962026143791,0.971151053014,0.985490196078,0.0,0.465502262115,1.76589655876,-6.6539541594e-15,0.465895031872,1.42635468159
441773249991434240.jpg,0.35091503268,0.35477124183,0.35862745098,0.0669466555119,0.833643376827,1.38536477089,0.244553509016,0.832646170043,1.09515834481
443558945689325568.jpg,0.402425562818,0.450612442508,0.4883805374,0.296744763851,0.712638676167,1.31284809113,0.334377410684,0.71199720629,1.27203612587
442937183641407490.jpg,0.805528400472,0.899376369459,0.997134670487,0.0,0.8737231493,1.71974778175,0.249193105802,0.874273677803,1.29213892549
444037344983666688.jpg,0.789222948439,0.847828612927,0.902527233115,0.0632899403572,0.665166437626,1.90953564644,0.140732113691,0.664196245146,1.17723744264
443943564645371905.jpg,0.558707334786,0.606894214476,0.648569353667,0.0,0.758617699146,1.34428167343,0.0807569896956,0.758107237121,1.09009608009
444115063700348929.jpg,0.728632478632,0.783182503771,0.814353946707,0.0,0.626471161842,1.61399018764,0.00848724205775,0.627945027873,1.28371968909
444446323152916480.jpg,0.99674267101,0.99674267101,0.99674267101,0.0,0.767268002033,1.22775399685,0.0229846663908,0.766845888327,1.13565437783
444290198545780736.jpg,0.793129992738,0.797037037037,0.800944081336,0.0,0.672395646572,1.31229066849,-0.00534850331463,0.67166893127,1.13978915283
444147652293169152.jpg,0.0195191198651,0.044243338361,0.0624611835684,0.590147614479,0.919180452824,1.54083859921,0.735258338967,0.91981682795,1.06575598276
444816052073938944.jpg,0.997942386831,0.997942386831,0.997942386831,0.0,0.831640958786,1.89935231209,-2.2765822197e-10,0.832006616114,1.34459316571
1065591003991044114_1930338899.jpg,0.931051344743,0.957131214344,0.974083129584,0.0,0.708745241165,1.46390998363,-8.54541093627e-09,0.708159130727,1.11074781983
444033217444601856.jpg,0.0,0.0,0.0,0.629972815514,1.07701361179,2.21917533875,0.88188487411,1.07679028076,1.78954928945
444432687315419136.jpg,0.990196078431,0.990196078431,0.990196078431,0.0,0.671094954014,1.62122189999,0.0331907620027,0.67367224617,1.21928346359
444061705786511361.jpg,0.0928792569659,0.104489164087,0.123839009288,0.0,0.835230410099,2.12622451782,0.045015521546,0.83891223866,1.85359383975
444394206874714112.jpg,0.0,0.00259985475672,0.00779956427015,0.0,1.07779753208,2.04371833801,0.333942814164,1.07770694198,1.56707911377
445132600013627392.jpg,0.413954248366,0.441290849673,0.456911764706,0.0,0.655954301357,1.34365344048,0.157406226141,0.655885684168,1.30789317706
444116961606111233.jpg,0.687142113483,0.687142113483,0.687142113483,0.362499952316,1.12326025963,2.21313548088,0.720759959838,1.1230141908,1.49151215461
444337990706270208.jpg,0.0704380475594,0.0704380475594,0.0704380475594,0.0,0.567633807659,1.86629033089,-3.03915975432e-12,0.568430340183,1.41536100967
444337667816189953.jpg,0.191530944625,0.57328990228,0.773941368078,0.131261408329,0.821284115314,1.49083399773,0.200057311648,0.821828870296,1.57998874362
442456179432620032.jpg,0.117402470344,0.136969548734,0.160450042803,0.0,0.697551131248,1.22859466076,-4.40134873866e-11,0.697253873427,1.11162344571
444731491092680704.jpg,0.0939430317582,0.134390725987,0.191800356506,0.619904875755,1.08436894417,2.06067728996,0.920571315778,1.08430056134,1.79438604722
1105595561949856445_1718154415.jpg,0.995652173913,0.995652173913,0.995652173913,0.0,0.312725037336,1.77450275421,-2.03815124144e-07,0.313000307661,1.60683071187
442893095051751424.jpg,0.0,0.0,0.0,0.0,0.851675570011,2.00971269608,0.135332753006,0.852164987813,1.49981586555
444350137930752001.jpg,0.0,0.0218954248366,0.0618223760092,0.0,1.00434947014,1.58921980858,0.191160633872,1.00581856076,1.47183710977
